[01Oct2026 17:29:10.273] [main/INFO] [cpw.mods.modlauncher.Launcher/MODLAUNCHER]: ModLauncher running: args [--launchTarget, forgeclientuserdev, --version, MOD_DEV, --assetIndex, 5, --assetsDir, C:\Users\Ethan\.gradle\caches\forge_gradle\assets, --gameDir, ., --fml.forgeVersion, 47.4.23, --fml.mcVersion, 1.20.1, --fml.forgeGroup, net.minecraftforge, --fml.mcpVersion, 20230612.114412, --mixin.config, rgbdeco.mixins.json]
[01Oct2026 17:29:10.277] [main/INFO] [cpw.mods.modlauncher.Launcher/MODLAUNCHER]: ModLauncher 10.0.9+10.0.9+main.dcd20f30 starting: java version 17.0.20.1 by Eclipse Adoptium; OS Windows 11 arch amd64 version 10.0
[01Oct2026 17:29:10.336] [main/DEBUG] [cpw.mods.modlauncher.LaunchServiceHandler/MODLAUNCHER]: Found launch services [fmlclientdev,forgeclient,minecraft,forgegametestserverdev,fmlserveruserdev,fmlclient,fmldatauserdev,forgeserverdev,forgeserveruserdev,forgeclientdev,forgeclientuserdev,forgeserver,forgedatadev,fmlserver,fmlclientuserdev,fmlserverdev,forgedatauserdev,testharness,forgegametestserveruserdev]
[01Oct2026 17:29:10.362] [main/DEBUG] [cpw.mods.modlauncher.NameMappingServiceHandler/MODLAUNCHER]: Found naming services : [srgtomcp]
[01Oct2026 17:29:10.376] [main/DEBUG] [cpw.mods.modlauncher.LaunchPluginHandler/MODLAUNCHER]: Found launch plugins: [mixin,eventbus,slf4jfixer,object_holder_definalize,runtime_enum_extender,capability_token_subclass,accesstransformer,runtimedistcleaner]
[01Oct2026 17:29:10.385] [main/DEBUG] [cpw.mods.modlauncher.TransformationServicesHandler/MODLAUNCHER]: Discovering transformation services
[01Oct2026 17:29:10.391] [main/DEBUG] [net.minecraftforge.fml.loading.FMLPaths/CORE]: Path GAMEDIR is C:\Users\Ethan\OneDrive\Documents\GitHub\rgbdeco\run
[01Oct2026 17:29:10.391] [main/DEBUG] [net.minecraftforge.fml.loading.FMLPaths/CORE]: Path MODSDIR is C:\Users\Ethan\OneDrive\Documents\GitHub\rgbdeco\run\mods
[01Oct2026 17:29:10.391] [main/DEBUG] [net.minecraftforge.fml.loading.FMLPaths/CORE]: Path CONFIGDIR is C:\Users\Ethan\OneDrive\Documents\GitHub\rgbdeco\run\config
[01Oct2026 17:29:10.391] [main/DEBUG] [net.minecraftforge.fml.loading.FMLPaths/CORE]: Path FMLCONFIG is C:\Users\Ethan\OneDrive\Documents\GitHub\rgbdeco\run\config\fml.toml
[01Oct2026 17:29:10.428] [main/DEBUG] [cpw.mods.modlauncher.TransformationServicesHandler/MODLAUNCHER]: Found additional transformation services from discovery services: 
[01Oct2026 17:29:10.435] [main/INFO] [net.minecraftforge.fml.loading.ImmediateWindowHandler/]: Loading ImmediateWindowProvider fmlearlywindow
[01Oct2026 17:29:10.516] [main/INFO] [EARLYDISPLAY/]: Trying GL version 4.6
[01Oct2026 17:29:10.946] [main/INFO] [EARLYDISPLAY/]: Requested GL version 4.6 got version 4.6
[01Oct2026 17:29:10.987] [main/DEBUG] [cpw.mods.modlauncher.TransformationServicesHandler/MODLAUNCHER]: Found transformer services : [mixin,fml]
[01Oct2026 17:29:10.987] [main/DEBUG] [cpw.mods.modlauncher.TransformationServicesHandler/MODLAUNCHER]: Transformation services loading
[01Oct2026 17:29:10.987] [main/DEBUG] [cpw.mods.modlauncher.TransformationServiceDecorator/MODLAUNCHER]: Loading service mixin
[01Oct2026 17:29:10.987] [main/DEBUG] [cpw.mods.modlauncher.TransformationServiceDecorator/MODLAUNCHER]: Loaded service mixin
[01Oct2026 17:29:10.988] [main/DEBUG] [cpw.mods.modlauncher.TransformationServiceDecorator/MODLAUNCHER]: Loading service fml
[01Oct2026 17:29:10.988] [main/DEBUG] [net.minecraftforge.fml.loading.LauncherVersion/CORE]: Found FMLLauncher version 1.0
[01Oct2026 17:29:10.988] [main/DEBUG] [net.minecraftforge.fml.loading.FMLLoader/CORE]: FML 1.0 loading
[01Oct2026 17:29:10.988] [main/DEBUG] [net.minecraftforge.fml.loading.FMLLoader/CORE]: FML found ModLauncher version : 10.0.9+10.0.9+main.dcd20f30
[01Oct2026 17:29:10.988] [main/DEBUG] [net.minecraftforge.fml.loading.FMLLoader/CORE]: Requesting CoreMods to not apply the fix for ASMAPI.findFirstInstructionBefore by default
[01Oct2026 17:29:10.990] [main/DEBUG] [net.minecraftforge.fml.loading.FMLLoader/CORE]: FML found AccessTransformer version : 8.0.4+66+master.c09db6d7
[01Oct2026 17:29:10.990] [main/DEBUG] [net.minecraftforge.fml.loading.FMLLoader/CORE]: FML found EventBus version : 6.2.33
[01Oct2026 17:29:10.990] [main/DEBUG] [net.minecraftforge.fml.loading.FMLLoader/CORE]: Found Runtime Dist Cleaner
[01Oct2026 17:29:10.992] [main/DEBUG] [net.minecraftforge.coremod.CoreModEngine/]: CoreMods will preserve legacy behavior of ASMAPI.findFirstInstructionBefore for backwards-compatibility
[01Oct2026 17:29:10.992] [main/DEBUG] [net.minecraftforge.fml.loading.FMLLoader/CORE]: FML found CoreMod version : 5.2.4
[01Oct2026 17:29:10.993] [main/DEBUG] [net.minecraftforge.fml.loading.FMLLoader/CORE]: Found ForgeSPI package implementation version 7.0.1+7.0.1+master.d2b38bf6
[01Oct2026 17:29:10.993] [main/DEBUG] [net.minecraftforge.fml.loading.FMLLoader/CORE]: Found ForgeSPI package specification 5
[01Oct2026 17:29:10.993] [main/DEBUG] [cpw.mods.modlauncher.TransformationServiceDecorator/MODLAUNCHER]: Loaded service fml
[01Oct2026 17:29:10.993] [main/DEBUG] [cpw.mods.modlauncher.TransformationServicesHandler/MODLAUNCHER]: Configuring option handling for services
[01Oct2026 17:29:10.999] [main/DEBUG] [cpw.mods.modlauncher.TransformationServicesHandler/MODLAUNCHER]: Transformation services initializing
[01Oct2026 17:29:11.000] [main/DEBUG] [cpw.mods.modlauncher.TransformationServiceDecorator/MODLAUNCHER]: Initializing transformation service mixin
[01Oct2026 17:29:11.011] [main/DEBUG] [mixin/]: MixinService [ModLauncher] was successfully booted in cpw.mods.cl.ModuleClassLoader@2667f029
[01Oct2026 17:29:11.024] [main/INFO] [mixin/]: SpongePowered MIXIN Subsystem Version=0.8.5 Source=union:/C:/Users/Ethan/.gradle/caches/modules-2/files-2.1/org.spongepowered/mixin/0.8.5/9d1c0c3a304ae6697ecd477218fa61b850bf57fc/mixin-0.8.5.jar%23128!/ Service=ModLauncher Env=CLIENT
[01Oct2026 17:29:11.027] [main/DEBUG] [mixin/]: Initialising Mixin Platform Manager
[01Oct2026 17:29:11.027] [main/DEBUG] [mixin/]: Adding mixin platform agents for container ModLauncher Root Container(ModLauncher:4f56a0a2)
[01Oct2026 17:29:11.029] [main/DEBUG] [mixin/]: Instancing new MixinPlatformAgentMinecraftForge for ModLauncher Root Container(ModLauncher:4f56a0a2)
[01Oct2026 17:29:11.029] [main/DEBUG] [mixin/]: MixinPlatformAgentMinecraftForge rejected container ModLauncher Root Container(ModLauncher:4f56a0a2)
[01Oct2026 17:29:11.030] [main/DEBUG] [mixin/]: Instancing new MixinPlatformAgentDefault for ModLauncher Root Container(ModLauncher:4f56a0a2)
[01Oct2026 17:29:11.030] [main/DEBUG] [mixin/]: MixinPlatformAgentDefault accepted container ModLauncher Root Container(ModLauncher:4f56a0a2)
[01Oct2026 17:29:11.033] [main/DEBUG] [cpw.mods.modlauncher.TransformationServiceDecorator/MODLAUNCHER]: Initialized transformation service mixin
[01Oct2026 17:29:11.034] [main/DEBUG] [cpw.mods.modlauncher.TransformationServiceDecorator/MODLAUNCHER]: Initializing transformation service fml
[01Oct2026 17:29:11.034] [main/DEBUG] [net.minecraftforge.fml.loading.FMLServiceProvider/CORE]: Setting up basic FML game directories
[01Oct2026 17:29:11.034] [main/DEBUG] [net.minecraftforge.fml.loading.FMLPaths/CORE]: Path GAMEDIR is C:\Users\Ethan\OneDrive\Documents\GitHub\rgbdeco\run
[01Oct2026 17:29:11.036] [main/DEBUG] [net.minecraftforge.fml.loading.FMLPaths/CORE]: Path MODSDIR is C:\Users\Ethan\OneDrive\Documents\GitHub\rgbdeco\run\mods
[01Oct2026 17:29:11.036] [main/DEBUG] [net.minecraftforge.fml.loading.FMLPaths/CORE]: Path CONFIGDIR is C:\Users\Ethan\OneDrive\Documents\GitHub\rgbdeco\run\config
[01Oct2026 17:29:11.036] [main/DEBUG] [net.minecraftforge.fml.loading.FMLPaths/CORE]: Path FMLCONFIG is C:\Users\Ethan\OneDrive\Documents\GitHub\rgbdeco\run\config\fml.toml
[01Oct2026 17:29:11.036] [main/DEBUG] [net.minecraftforge.fml.loading.FMLServiceProvider/CORE]: Loading configuration
[01Oct2026 17:29:11.041] [main/DEBUG] [net.minecraftforge.fml.loading.FMLServiceProvider/CORE]: Preparing ModFile
[01Oct2026 17:29:11.044] [main/DEBUG] [net.minecraftforge.fml.loading.FMLServiceProvider/CORE]: Preparing launch handler
[01Oct2026 17:29:11.044] [main/DEBUG] [net.minecraftforge.fml.loading.FMLLoader/CORE]: Using forgeclientuserdev as launch service
[01Oct2026 17:29:11.058] [main/DEBUG] [net.minecraftforge.fml.loading.FMLLoader/CORE]: Received command line version data  : VersionInfo[forgeVersion=47.4.23, mcVersion=1.20.1, mcpVersion=20230612.114412, forgeGroup=net.minecraftforge]
[01Oct2026 17:29:11.059] [main/DEBUG] [cpw.mods.modlauncher.TransformationServiceDecorator/MODLAUNCHER]: Initialized transformation service fml
[01Oct2026 17:29:11.060] [main/DEBUG] [cpw.mods.modlauncher.NameMappingServiceHandler/MODLAUNCHER]: Current naming domain is 'mcp'
[01Oct2026 17:29:11.060] [main/DEBUG] [cpw.mods.modlauncher.NameMappingServiceHandler/MODLAUNCHER]: Identified name mapping providers {srg=srgtomcp:1234}
[01Oct2026 17:29:11.061] [main/DEBUG] [cpw.mods.modlauncher.TransformationServicesHandler/MODLAUNCHER]: Transformation services begin scanning
[01Oct2026 17:29:11.061] [main/DEBUG] [cpw.mods.modlauncher.TransformationServiceDecorator/MODLAUNCHER]: Beginning scan trigger - transformation service mixin
[01Oct2026 17:29:11.061] [main/DEBUG] [cpw.mods.modlauncher.TransformationServiceDecorator/MODLAUNCHER]: End scan trigger - transformation service mixin
[01Oct2026 17:29:11.061] [main/DEBUG] [cpw.mods.modlauncher.TransformationServiceDecorator/MODLAUNCHER]: Beginning scan trigger - transformation service fml
[01Oct2026 17:29:11.061] [main/DEBUG] [net.minecraftforge.fml.loading.FMLServiceProvider/CORE]: Initiating mod scan
[01Oct2026 17:29:11.070] [main/DEBUG] [net.minecraftforge.fml.loading.moddiscovery.ModListHandler/CORE]: Found mod coordinates from lists: []
[01Oct2026 17:29:11.072] [main/DEBUG] [net.minecraftforge.fml.loading.moddiscovery.ModDiscoverer/CORE]: Found Mod Locators : (mods folder:null),(maven libs:null),(exploded directory:null),(minecraft:null),(userdev classpath:null)
[01Oct2026 17:29:11.073] [main/DEBUG] [net.minecraftforge.fml.loading.moddiscovery.ModDiscoverer/CORE]: Found Dependency Locators : (JarInJar:null)
[01Oct2026 17:29:11.079] [main/DEBUG] [net.minecraftforge.fml.loading.targets.CommonLaunchHandler/CORE]: Got mod coordinates rgbdeco%%C:\Users\Ethan\OneDrive\Documents\GitHub\rgbdeco\build\resources\main;rgbdeco%%C:\Users\Ethan\OneDrive\Documents\GitHub\rgbdeco\build\classes\java\main from env
[01Oct2026 17:29:11.080] [main/DEBUG] [net.minecraftforge.fml.loading.targets.CommonLaunchHandler/CORE]: Found supplied mod coordinates [{rgbdeco=[C:\Users\Ethan\OneDrive\Documents\GitHub\rgbdeco\build\resources\main, C:\Users\Ethan\OneDrive\Documents\GitHub\rgbdeco\build\classes\java\main]}]
[01Oct2026 17:29:11.092] [pool-2-thread-1/INFO] [EARLYDISPLAY/]: GL info: NVIDIA GeForce RTX 4060/PCIe/SSE2 GL version 4.6.0 NVIDIA 617.14, NVIDIA Corporation
[01Oct2026 17:29:11.411] [main/DEBUG] [net.minecraftforge.fml.loading.moddiscovery.ModFileInfo/LOADING]: Found valid mod file forge-1.20.1-47.4.23_mapped_official_1.20.1-recomp.jar with {minecraft} mods - versions {1.20.1}
[01Oct2026 17:29:11.417] [main/DEBUG] [net.minecraftforge.fml.loading.moddiscovery.ModFileParser/LOADING]: Considering mod file candidate C:\Users\Ethan\.gradle\caches\modules-2\files-2.1\net.minecraftforge\javafmllanguage\1.20.1-47.4.23\103ee0ecf6e5e4a971ee1ae68384e96fd73b097f\javafmllanguage-1.20.1-47.4.23.jar
[01Oct2026 17:29:11.417] [main/WARN] [net.minecraftforge.fml.loading.moddiscovery.ModFileParser/LOADING]: Mod file C:\Users\Ethan\.gradle\caches\modules-2\files-2.1\net.minecraftforge\javafmllanguage\1.20.1-47.4.23\103ee0ecf6e5e4a971ee1ae68384e96fd73b097f\javafmllanguage-1.20.1-47.4.23.jar is missing mods.toml file
[01Oct2026 17:29:11.423] [main/DEBUG] [net.minecraftforge.fml.loading.moddiscovery.ModFileParser/LOADING]: Considering mod file candidate C:\Users\Ethan\.gradle\caches\modules-2\files-2.1\net.minecraftforge\lowcodelanguage\1.20.1-47.4.23\2531b2da1460bc09c8ec3bf946e641de664b460d\lowcodelanguage-1.20.1-47.4.23.jar
[01Oct2026 17:29:11.423] [main/WARN] [net.minecraftforge.fml.loading.moddiscovery.ModFileParser/LOADING]: Mod file C:\Users\Ethan\.gradle\caches\modules-2\files-2.1\net.minecraftforge\lowcodelanguage\1.20.1-47.4.23\2531b2da1460bc09c8ec3bf946e641de664b460d\lowcodelanguage-1.20.1-47.4.23.jar is missing mods.toml file
[01Oct2026 17:29:11.427] [main/DEBUG] [net.minecraftforge.fml.loading.moddiscovery.ModFileParser/LOADING]: Considering mod file candidate C:\Users\Ethan\.gradle\caches\modules-2\files-2.1\net.minecraftforge\mclanguage\1.20.1-47.4.23\eebf4eae01f6fde63717bb38b77f9b6b1b50f8\mclanguage-1.20.1-47.4.23.jar
[01Oct2026 17:29:11.427] [main/WARN] [net.minecraftforge.fml.loading.moddiscovery.ModFileParser/LOADING]: Mod file C:\Users\Ethan\.gradle\caches\modules-2\files-2.1\net.minecraftforge\mclanguage\1.20.1-47.4.23\eebf4eae01f6fde63717bb38b77f9b6b1b50f8\mclanguage-1.20.1-47.4.23.jar is missing mods.toml file
[01Oct2026 17:29:11.431] [main/DEBUG] [net.minecraftforge.fml.loading.moddiscovery.ModFileParser/LOADING]: Considering mod file candidate C:\Users\Ethan\.gradle\caches\modules-2\files-2.1\net.minecraftforge\fmlcore\1.20.1-47.4.23\ef56cfb608a4356c3f99dd6a4fa81ce33029bcde\fmlcore-1.20.1-47.4.23.jar
[01Oct2026 17:29:11.432] [main/WARN] [net.minecraftforge.fml.loading.moddiscovery.ModFileParser/LOADING]: Mod file C:\Users\Ethan\.gradle\caches\modules-2\files-2.1\net.minecraftforge\fmlcore\1.20.1-47.4.23\ef56cfb608a4356c3f99dd6a4fa81ce33029bcde\fmlcore-1.20.1-47.4.23.jar is missing mods.toml file
[01Oct2026 17:29:11.436] [main/DEBUG] [net.minecraftforge.fml.loading.moddiscovery.ModFileParser/LOADING]: Considering mod file candidate C:\Users\Ethan\OneDrive\Documents\GitHub\rgbdeco\build\resources\main
[01Oct2026 17:29:11.447] [main/DEBUG] [net.minecraftforge.fml.loading.moddiscovery.ModFileInfo/LOADING]: Found valid mod file main with {rgbdeco} mods - versions {1.0.0}
[01Oct2026 17:29:11.447] [main/DEBUG] [net.minecraftforge.fml.loading.moddiscovery.ModFileParser/LOADING]: Considering mod file candidate /
[01Oct2026 17:29:11.450] [main/DEBUG] [net.minecraftforge.fml.loading.moddiscovery.ModFileInfo/LOADING]: Found valid mod file  with {forge} mods - versions {47.4.23}
[01Oct2026 17:29:11.475] [main/DEBUG] [net.minecraftforge.fml.loading.moddiscovery.ModFileParser/LOADING]: Considering mod file candidate C:\Users\Ethan\.gradle\caches\forge_gradle\deobf_dependencies\maven\modrinth\fusion-connected-textures\1.3.15b-forge-mc1.20.1_mapped_official_1.20.1\fusion-connected-textures-1.3.15b-forge-mc1.20.1_mapped_official_1.20.1.jar
[01Oct2026 17:29:11.480] [main/DEBUG] [net.minecraftforge.fml.loading.moddiscovery.ModFileInfo/LOADING]: Found valid mod file fusion-connected-textures-1.3.15b-forge-mc1.20.1_mapped_official_1.20.1.jar with {fusion} mods - versions {1.3.15+b}
[01Oct2026 17:29:11.485] [main/DEBUG] [net.minecraftforge.fml.loading.moddiscovery.ModFileParser/LOADING]: Considering mod file candidate C:\Users\Ethan\.gradle\caches\forge_gradle\deobf_dependencies\maven\modrinth\colorful-lighting-sodium\2.7.0_mapped_official_1.20.1\colorful-lighting-sodium-2.7.0_mapped_official_1.20.1.jar
[01Oct2026 17:29:11.487] [main/DEBUG] [net.minecraftforge.fml.loading.moddiscovery.ModFileInfo/LOADING]: Found valid mod file colorful-lighting-sodium-2.7.0_mapped_official_1.20.1.jar with {colorful_lighting} mods - versions {2.7.0}
[01Oct2026 17:29:11.491] [main/DEBUG] [net.minecraftforge.fml.loading.moddiscovery.ModFileParser/LOADING]: Considering mod file candidate C:\Users\Ethan\.gradle\caches\forge_gradle\deobf_dependencies\maven\modrinth\powah\5.0.11-forge_mapped_official_1.20.1\powah-5.0.11-forge_mapped_official_1.20.1.jar
[01Oct2026 17:29:11.493] [main/DEBUG] [net.minecraftforge.fml.loading.moddiscovery.ModFileInfo/LOADING]: Found valid mod file powah-5.0.11-forge_mapped_official_1.20.1.jar with {powah} mods - versions {5.0.11}
[01Oct2026 17:29:11.498] [main/DEBUG] [net.minecraftforge.fml.loading.moddiscovery.ModFileParser/LOADING]: Considering mod file candidate C:\Users\Ethan\.gradle\caches\forge_gradle\deobf_dependencies\maven\modrinth\architectury-api\9.2.14+forge_mapped_official_1.20.1\architectury-api-9.2.14+forge_mapped_official_1.20.1.jar
[01Oct2026 17:29:11.499] [main/DEBUG] [net.minecraftforge.fml.loading.moddiscovery.ModFileInfo/LOADING]: Found valid mod file architectury-api-9.2.14+forge_mapped_official_1.20.1.jar with {architectury} mods - versions {9.2.14}
[01Oct2026 17:29:11.504] [main/DEBUG] [net.minecraftforge.fml.loading.moddiscovery.ModFileParser/LOADING]: Considering mod file candidate C:\Users\Ethan\.gradle\caches\forge_gradle\deobf_dependencies\maven\modrinth\cloth-config\11.1.136+forge_mapped_official_1.20.1\cloth-config-11.1.136+forge_mapped_official_1.20.1.jar
[01Oct2026 17:29:11.505] [main/DEBUG] [net.minecraftforge.fml.loading.moddiscovery.ModFileInfo/LOADING]: Found valid mod file cloth-config-11.1.136+forge_mapped_official_1.20.1.jar with {cloth_config} mods - versions {11.1.136}
[01Oct2026 17:29:11.510] [main/DEBUG] [net.minecraftforge.fml.loading.moddiscovery.ModFileParser/LOADING]: Considering mod file candidate C:\Users\Ethan\.gradle\caches\forge_gradle\deobf_dependencies\maven\modrinth\fusion-connected-textures\1.3.15b-forge-mc1.20.1_mapped_official_1.20.1\fusion-connected-textures-1.3.15b-forge-mc1.20.1_mapped_official_1.20.1.jar
[01Oct2026 17:29:11.511] [main/DEBUG] [net.minecraftforge.fml.loading.moddiscovery.ModFileInfo/LOADING]: Found valid mod file fusion-connected-textures-1.3.15b-forge-mc1.20.1_mapped_official_1.20.1.jar with {fusion} mods - versions {1.3.15+b}
[01Oct2026 17:29:11.514] [main/DEBUG] [net.minecraftforge.fml.loading.moddiscovery.ModFileParser/LOADING]: Considering mod file candidate C:\Users\Ethan\.gradle\caches\forge_gradle\deobf_dependencies\maven\modrinth\colorful-lighting-sodium\2.7.0_mapped_official_1.20.1\colorful-lighting-sodium-2.7.0_mapped_official_1.20.1.jar
[01Oct2026 17:29:11.516] [main/DEBUG] [net.minecraftforge.fml.loading.moddiscovery.ModFileInfo/LOADING]: Found valid mod file colorful-lighting-sodium-2.7.0_mapped_official_1.20.1.jar with {colorful_lighting} mods - versions {2.7.0}
[01Oct2026 17:29:11.521] [main/DEBUG] [net.minecraftforge.fml.loading.moddiscovery.ModFileParser/LOADING]: Considering mod file candidate C:\Users\Ethan\.gradle\caches\forge_gradle\deobf_dependencies\maven\modrinth\powah\5.0.11-forge_mapped_official_1.20.1\powah-5.0.11-forge_mapped_official_1.20.1.jar
[01Oct2026 17:29:11.523] [main/DEBUG] [net.minecraftforge.fml.loading.moddiscovery.ModFileInfo/LOADING]: Found valid mod file powah-5.0.11-forge_mapped_official_1.20.1.jar with {powah} mods - versions {5.0.11}
[01Oct2026 17:29:11.527] [main/DEBUG] [net.minecraftforge.fml.loading.moddiscovery.ModFileParser/LOADING]: Considering mod file candidate C:\Users\Ethan\.gradle\caches\forge_gradle\deobf_dependencies\maven\modrinth\architectury-api\9.2.14+forge_mapped_official_1.20.1\architectury-api-9.2.14+forge_mapped_official_1.20.1.jar
[01Oct2026 17:29:11.528] [main/DEBUG] [net.minecraftforge.fml.loading.moddiscovery.ModFileInfo/LOADING]: Found valid mod file architectury-api-9.2.14+forge_mapped_official_1.20.1.jar with {architectury} mods - versions {9.2.14}
[01Oct2026 17:29:11.532] [main/DEBUG] [net.minecraftforge.fml.loading.moddiscovery.ModFileParser/LOADING]: Considering mod file candidate C:\Users\Ethan\.gradle\caches\forge_gradle\deobf_dependencies\maven\modrinth\cloth-config\11.1.136+forge_mapped_official_1.20.1\cloth-config-11.1.136+forge_mapped_official_1.20.1.jar
[01Oct2026 17:29:11.534] [main/DEBUG] [net.minecraftforge.fml.loading.moddiscovery.ModFileInfo/LOADING]: Found valid mod file cloth-config-11.1.136+forge_mapped_official_1.20.1.jar with {cloth_config} mods - versions {11.1.136}
[01Oct2026 17:29:11.538] [main/DEBUG] [net.minecraftforge.fml.loading.UniqueModListBuilder/]: Found 2 mods for first modid fusion, selecting most recent based on version data
[01Oct2026 17:29:11.540] [main/DEBUG] [net.minecraftforge.fml.loading.UniqueModListBuilder/]: Selected file fusion-connected-textures-1.3.15b-forge-mc1.20.1_mapped_official_1.20.1.jar for modid fusion with version 1.3.15+b
[01Oct2026 17:29:11.540] [main/DEBUG] [net.minecraftforge.fml.loading.UniqueModListBuilder/]: Found 2 mods for first modid powah, selecting most recent based on version data
[01Oct2026 17:29:11.540] [main/DEBUG] [net.minecraftforge.fml.loading.UniqueModListBuilder/]: Selected file powah-5.0.11-forge_mapped_official_1.20.1.jar for modid powah with version 5.0.11
[01Oct2026 17:29:11.540] [main/DEBUG] [net.minecraftforge.fml.loading.UniqueModListBuilder/]: Found 2 mods for first modid colorful_lighting, selecting most recent based on version data
[01Oct2026 17:29:11.540] [main/DEBUG] [net.minecraftforge.fml.loading.UniqueModListBuilder/]: Selected file colorful-lighting-sodium-2.7.0_mapped_official_1.20.1.jar for modid colorful_lighting with version 2.7.0
[01Oct2026 17:29:11.540] [main/DEBUG] [net.minecraftforge.fml.loading.UniqueModListBuilder/]: Found 2 mods for first modid cloth_config, selecting most recent based on version data
[01Oct2026 17:29:11.540] [main/DEBUG] [net.minecraftforge.fml.loading.UniqueModListBuilder/]: Selected file cloth-config-11.1.136+forge_mapped_official_1.20.1.jar for modid cloth_config with version 11.1.136
[01Oct2026 17:29:11.540] [main/DEBUG] [net.minecraftforge.fml.loading.UniqueModListBuilder/]: Found 2 mods for first modid architectury, selecting most recent based on version data
[01Oct2026 17:29:11.540] [main/DEBUG] [net.minecraftforge.fml.loading.UniqueModListBuilder/]: Selected file architectury-api-9.2.14+forge_mapped_official_1.20.1.jar for modid architectury with version 9.2.14
[01Oct2026 17:29:11.545] [main/DEBUG] [net.minecraftforge.fml.loading.moddiscovery.AbstractJarFileDependencyLocator/]: Failed to load resource META-INF\jarjar\metadata.json from fusion-connected-textures-1.3.15b-forge-mc1.20.1_mapped_official_1.20.1.jar, it does not contain dependency information.
[01Oct2026 17:29:11.547] [main/DEBUG] [net.minecraftforge.fml.loading.moddiscovery.AbstractJarFileDependencyLocator/]: Failed to load resource META-INF\jarjar\metadata.json from forge-1.20.1-47.4.23_mapped_official_1.20.1-recomp.jar, it does not contain dependency information.
[01Oct2026 17:29:11.547] [main/DEBUG] [net.minecraftforge.fml.loading.moddiscovery.AbstractJarFileDependencyLocator/]: Failed to load resource META-INF\jarjar\metadata.json from powah-5.0.11-forge_mapped_official_1.20.1.jar, it does not contain dependency information.
[01Oct2026 17:29:11.547] [main/DEBUG] [net.minecraftforge.fml.loading.moddiscovery.AbstractJarFileDependencyLocator/]: Failed to load resource META-INF\jarjar\metadata.json from colorful-lighting-sodium-2.7.0_mapped_official_1.20.1.jar, it does not contain dependency information.
[01Oct2026 17:29:11.547] [main/DEBUG] [net.minecraftforge.fml.loading.moddiscovery.AbstractJarFileDependencyLocator/]: Failed to load resource META-INF\jarjar\metadata.json from cloth-config-11.1.136+forge_mapped_official_1.20.1.jar, it does not contain dependency information.
[01Oct2026 17:29:11.547] [main/DEBUG] [net.minecraftforge.fml.loading.moddiscovery.AbstractJarFileDependencyLocator/]: Failed to load resource META-INF\jarjar\metadata.json from , it does not contain dependency information.
[01Oct2026 17:29:11.547] [main/DEBUG] [net.minecraftforge.fml.loading.moddiscovery.AbstractJarFileDependencyLocator/]: Failed to load resource META-INF\jarjar\metadata.json from main, it does not contain dependency information.
[01Oct2026 17:29:11.549] [main/DEBUG] [net.minecraftforge.fml.loading.moddiscovery.AbstractJarFileDependencyLocator/]: Failed to load resource META-INF\jarjar\metadata.json from architectury-api-9.2.14+forge_mapped_official_1.20.1.jar, it does not contain dependency information.
[01Oct2026 17:29:11.549] [main/DEBUG] [net.minecraftforge.fml.loading.moddiscovery.AbstractJarFileDependencyLocator/]: Failed to load resource META-INF\jarjar\metadata.json from mclanguage-1.20.1-47.4.23.jar, it does not contain dependency information.
[01Oct2026 17:29:11.549] [main/DEBUG] [net.minecraftforge.fml.loading.moddiscovery.AbstractJarFileDependencyLocator/]: Failed to load resource META-INF\jarjar\metadata.json from javafmllanguage-1.20.1-47.4.23.jar, it does not contain dependency information.
[01Oct2026 17:29:11.549] [main/DEBUG] [net.minecraftforge.fml.loading.moddiscovery.AbstractJarFileDependencyLocator/]: Failed to load resource META-INF\jarjar\metadata.json from fmlcore-1.20.1-47.4.23.jar, it does not contain dependency information.
[01Oct2026 17:29:11.549] [main/DEBUG] [net.minecraftforge.fml.loading.moddiscovery.AbstractJarFileDependencyLocator/]: Failed to load resource META-INF\jarjar\metadata.json from lowcodelanguage-1.20.1-47.4.23.jar, it does not contain dependency information.
[01Oct2026 17:29:11.598] [main/INFO] [net.minecraftforge.fml.loading.moddiscovery.JarInJarDependencyLocator/]: No dependencies to load found. Skipping!
[01Oct2026 17:29:11.602] [main/DEBUG] [net.minecraftforge.fml.loading.moddiscovery.ModFileInfo/LOADING]: Found valid mod file forge-1.20.1-47.4.23_mapped_official_1.20.1-recomp.jar with {minecraft} mods - versions {1.20.1}
[01Oct2026 17:29:11.607] [main/DEBUG] [net.minecraftforge.fml.loading.moddiscovery.ModFile/LOADING]: Loading mod file C:\Users\Ethan\.gradle\caches\forge_gradle\minecraft_user_repo\net\minecraftforge\forge\1.20.1-47.4.23_mapped_official_1.20.1\forge-1.20.1-47.4.23_mapped_official_1.20.1-recomp.jar with languages [LanguageSpec[languageName=minecraft, acceptedVersions=1]]
[01Oct2026 17:29:11.607] [main/DEBUG] [net.minecraftforge.fml.loading.moddiscovery.ModFileParser/LOADING]: Considering mod file candidate C:\Users\Ethan\.gradle\caches\forge_gradle\deobf_dependencies\maven\modrinth\fusion-connected-textures\1.3.15b-forge-mc1.20.1_mapped_official_1.20.1\fusion-connected-textures-1.3.15b-forge-mc1.20.1_mapped_official_1.20.1.jar
[01Oct2026 17:29:11.608] [main/DEBUG] [net.minecraftforge.fml.loading.moddiscovery.ModFileInfo/LOADING]: Found valid mod file fusion-connected-textures-1.3.15b-forge-mc1.20.1_mapped_official_1.20.1.jar with {fusion} mods - versions {1.3.15+b}
[01Oct2026 17:29:11.608] [main/DEBUG] [net.minecraftforge.fml.loading.moddiscovery.ModFile/LOADING]: Loading mod file C:\Users\Ethan\.gradle\caches\forge_gradle\deobf_dependencies\maven\modrinth\fusion-connected-textures\1.3.15b-forge-mc1.20.1_mapped_official_1.20.1\fusion-connected-textures-1.3.15b-forge-mc1.20.1_mapped_official_1.20.1.jar with languages [LanguageSpec[languageName=javafml, acceptedVersions=[46,)]]
[01Oct2026 17:29:11.608] [main/DEBUG] [net.minecraftforge.fml.loading.moddiscovery.ModFileParser/LOADING]: Considering mod file candidate C:\Users\Ethan\.gradle\caches\forge_gradle\deobf_dependencies\maven\modrinth\powah\5.0.11-forge_mapped_official_1.20.1\powah-5.0.11-forge_mapped_official_1.20.1.jar
[01Oct2026 17:29:11.610] [main/DEBUG] [net.minecraftforge.fml.loading.moddiscovery.ModFileInfo/LOADING]: Found valid mod file powah-5.0.11-forge_mapped_official_1.20.1.jar with {powah} mods - versions {5.0.11}
[01Oct2026 17:29:11.610] [main/DEBUG] [net.minecraftforge.fml.loading.moddiscovery.ModFile/LOADING]: Loading mod file C:\Users\Ethan\.gradle\caches\forge_gradle\deobf_dependencies\maven\modrinth\powah\5.0.11-forge_mapped_official_1.20.1\powah-5.0.11-forge_mapped_official_1.20.1.jar with languages [LanguageSpec[languageName=javafml, acceptedVersions=[36,)]]
[01Oct2026 17:29:11.610] [main/DEBUG] [net.minecraftforge.fml.loading.moddiscovery.ModFileParser/LOADING]: Considering mod file candidate C:\Users\Ethan\.gradle\caches\forge_gradle\deobf_dependencies\maven\modrinth\colorful-lighting-sodium\2.7.0_mapped_official_1.20.1\colorful-lighting-sodium-2.7.0_mapped_official_1.20.1.jar
[01Oct2026 17:29:11.612] [main/DEBUG] [net.minecraftforge.fml.loading.moddiscovery.ModFileInfo/LOADING]: Found valid mod file colorful-lighting-sodium-2.7.0_mapped_official_1.20.1.jar with {colorful_lighting} mods - versions {2.7.0}
[01Oct2026 17:29:11.612] [main/DEBUG] [net.minecraftforge.fml.loading.moddiscovery.ModFile/LOADING]: Loading mod file C:\Users\Ethan\.gradle\caches\forge_gradle\deobf_dependencies\maven\modrinth\colorful-lighting-sodium\2.7.0_mapped_official_1.20.1\colorful-lighting-sodium-2.7.0_mapped_official_1.20.1.jar with languages [LanguageSpec[languageName=javafml, acceptedVersions=[47,)]]
[01Oct2026 17:29:11.613] [main/DEBUG] [net.minecraftforge.fml.loading.moddiscovery.ModFileParser/LOADING]: Considering mod file candidate C:\Users\Ethan\.gradle\caches\forge_gradle\deobf_dependencies\maven\modrinth\cloth-config\11.1.136+forge_mapped_official_1.20.1\cloth-config-11.1.136+forge_mapped_official_1.20.1.jar
[01Oct2026 17:29:11.613] [main/DEBUG] [net.minecraftforge.fml.loading.moddiscovery.ModFileInfo/LOADING]: Found valid mod file cloth-config-11.1.136+forge_mapped_official_1.20.1.jar with {cloth_config} mods - versions {11.1.136}
[01Oct2026 17:29:11.613] [main/DEBUG] [net.minecraftforge.fml.loading.moddiscovery.ModFile/LOADING]: Loading mod file C:\Users\Ethan\.gradle\caches\forge_gradle\deobf_dependencies\maven\modrinth\cloth-config\11.1.136+forge_mapped_official_1.20.1\cloth-config-11.1.136+forge_mapped_official_1.20.1.jar with languages [LanguageSpec[languageName=javafml, acceptedVersions=[34,)]]
[01Oct2026 17:29:11.614] [main/DEBUG] [net.minecraftforge.fml.loading.moddiscovery.ModFileParser/LOADING]: Considering mod file candidate /
[01Oct2026 17:29:11.614] [main/DEBUG] [net.minecraftforge.fml.loading.moddiscovery.ModFileInfo/LOADING]: Found valid mod file  with {forge} mods - versions {47.4.23}
[01Oct2026 17:29:11.616] [main/DEBUG] [net.minecraftforge.fml.loading.moddiscovery.ModFile/LOADING]: Loading mod file / with languages [LanguageSpec[languageName=javafml, acceptedVersions=[24,]]]
[01Oct2026 17:29:11.650] [main/DEBUG] [net.minecraftforge.fml.loading.moddiscovery.ModFileParser/LOADING]: Found coremod field_to_method with Javascript path coremods/field_to_method.js
[01Oct2026 17:29:11.651] [main/DEBUG] [net.minecraftforge.fml.loading.moddiscovery.ModFileParser/LOADING]: Found coremod field_to_instanceof with Javascript path coremods/field_to_instanceof.js
[01Oct2026 17:29:11.651] [main/DEBUG] [net.minecraftforge.fml.loading.moddiscovery.ModFileParser/LOADING]: Found coremod add_bouncer_method with Javascript path coremods/add_bouncer_method.js
[01Oct2026 17:29:11.651] [main/DEBUG] [net.minecraftforge.fml.loading.moddiscovery.ModFileParser/LOADING]: Found coremod method_redirector with Javascript path coremods/method_redirector.js
[01Oct2026 17:29:11.651] [main/DEBUG] [net.minecraftforge.fml.loading.moddiscovery.ModFile/LOADING]: Found coremod coremods/field_to_method.js
[01Oct2026 17:29:11.651] [main/DEBUG] [net.minecraftforge.fml.loading.moddiscovery.ModFile/LOADING]: Found coremod coremods/field_to_instanceof.js
[01Oct2026 17:29:11.651] [main/DEBUG] [net.minecraftforge.fml.loading.moddiscovery.ModFile/LOADING]: Found coremod coremods/add_bouncer_method.js
[01Oct2026 17:29:11.651] [main/DEBUG] [net.minecraftforge.fml.loading.moddiscovery.ModFile/LOADING]: Found coremod coremods/method_redirector.js
[01Oct2026 17:29:11.651] [main/DEBUG] [net.minecraftforge.fml.loading.moddiscovery.ModFileParser/LOADING]: Considering mod file candidate C:\Users\Ethan\OneDrive\Documents\GitHub\rgbdeco\build\resources\main
[01Oct2026 17:29:11.653] [main/DEBUG] [net.minecraftforge.fml.loading.moddiscovery.ModFileInfo/LOADING]: Found valid mod file main with {rgbdeco} mods - versions {1.0.0}
[01Oct2026 17:29:11.653] [main/DEBUG] [net.minecraftforge.fml.loading.moddiscovery.ModFile/LOADING]: Loading mod file C:\Users\Ethan\OneDrive\Documents\GitHub\rgbdeco\build\resources\main with languages [LanguageSpec[languageName=javafml, acceptedVersions=[47,)]]
[01Oct2026 17:29:11.654] [main/DEBUG] [net.minecraftforge.fml.loading.moddiscovery.ModFileParser/LOADING]: Considering mod file candidate C:\Users\Ethan\.gradle\caches\forge_gradle\deobf_dependencies\maven\modrinth\architectury-api\9.2.14+forge_mapped_official_1.20.1\architectury-api-9.2.14+forge_mapped_official_1.20.1.jar
[01Oct2026 17:29:11.654] [main/DEBUG] [net.minecraftforge.fml.loading.moddiscovery.ModFileInfo/LOADING]: Found valid mod file architectury-api-9.2.14+forge_mapped_official_1.20.1.jar with {architectury} mods - versions {9.2.14}
[01Oct2026 17:29:11.654] [main/DEBUG] [net.minecraftforge.fml.loading.moddiscovery.ModFile/LOADING]: Loading mod file C:\Users\Ethan\.gradle\caches\forge_gradle\deobf_dependencies\maven\modrinth\architectury-api\9.2.14+forge_mapped_official_1.20.1\architectury-api-9.2.14+forge_mapped_official_1.20.1.jar with languages [LanguageSpec[languageName=javafml, acceptedVersions=[46,)]]
[01Oct2026 17:29:11.657] [main/DEBUG] [cpw.mods.modlauncher.TransformationServiceDecorator/MODLAUNCHER]: End scan trigger - transformation service fml
[01Oct2026 17:29:11.672] [main/DEBUG] [net.minecraftforge.fml.loading.LanguageLoadingProvider/CORE]: Found 3 language providers
[01Oct2026 17:29:11.672] [main/DEBUG] [net.minecraftforge.fml.loading.LanguageLoadingProvider/CORE]: Found language provider minecraft, version 1.0
[01Oct2026 17:29:11.674] [main/DEBUG] [net.minecraftforge.fml.loading.LanguageLoadingProvider/CORE]: Found language provider lowcodefml, version 47
[01Oct2026 17:29:11.674] [main/DEBUG] [net.minecraftforge.fml.loading.LanguageLoadingProvider/CORE]: Found language provider javafml, version 47
[01Oct2026 17:29:11.684] [main/DEBUG] [net.minecraftforge.fml.loading.ModSorter/]: Configured system mods: [minecraft, forge]
[01Oct2026 17:29:11.684] [main/DEBUG] [net.minecraftforge.fml.loading.ModSorter/]: Found system mod: minecraft
[01Oct2026 17:29:11.684] [main/DEBUG] [net.minecraftforge.fml.loading.ModSorter/]: Found system mod: forge
[01Oct2026 17:29:11.687] [main/DEBUG] [net.minecraftforge.fml.loading.ModSorter/LOADING]: Found 18 mod requirements (13 mandatory, 5 optional)
[01Oct2026 17:29:11.689] [main/DEBUG] [net.minecraftforge.fml.loading.ModSorter/LOADING]: Found 0 mod requirements missing (0 mandatory, 0 optional)
[01Oct2026 17:29:12.137] [main/DEBUG] [net.minecraftforge.fml.loading.MCPNamingService/CORE]: Loaded 31003 field mappings from fields.csv
[01Oct2026 17:29:12.162] [main/DEBUG] [net.minecraftforge.fml.loading.MCPNamingService/CORE]: Loaded 33222 method mappings from methods.csv
[01Oct2026 17:29:12.237] [main/DEBUG] [cpw.mods.modlauncher.TransformationServicesHandler/MODLAUNCHER]: Transformation services loading transformers
[01Oct2026 17:29:12.239] [main/DEBUG] [cpw.mods.modlauncher.TransformationServiceDecorator/MODLAUNCHER]: Initializing transformers for transformation service mixin
[01Oct2026 17:29:12.240] [main/DEBUG] [cpw.mods.modlauncher.TransformationServiceDecorator/MODLAUNCHER]: Initialized transformers for transformation service mixin
[01Oct2026 17:29:12.240] [main/DEBUG] [cpw.mods.modlauncher.TransformationServiceDecorator/MODLAUNCHER]: Initializing transformers for transformation service fml
[01Oct2026 17:29:12.240] [main/DEBUG] [net.minecraftforge.fml.loading.FMLServiceProvider/CORE]: Loading coremod transformers
[01Oct2026 17:29:12.240] [main/DEBUG] [net.minecraftforge.coremod.CoreModEngine/COREMOD]: Loading CoreMod from coremods/field_to_method.js
[01Oct2026 17:29:12.513] [main/DEBUG] [net.minecraftforge.coremod.CoreModEngine/COREMOD]: CoreMod loaded successfully
[01Oct2026 17:29:12.513] [main/DEBUG] [net.minecraftforge.coremod.CoreModEngine/COREMOD]: Loading CoreMod from coremods/field_to_instanceof.js
[01Oct2026 17:29:12.618] [main/DEBUG] [net.minecraftforge.coremod.CoreModEngine/COREMOD]: CoreMod loaded successfully
[01Oct2026 17:29:12.618] [main/DEBUG] [net.minecraftforge.coremod.CoreModEngine/COREMOD]: Loading CoreMod from coremods/add_bouncer_method.js
[01Oct2026 17:29:12.661] [main/DEBUG] [net.minecraftforge.coremod.CoreModEngine/COREMOD]: CoreMod loaded successfully
[01Oct2026 17:29:12.661] [main/DEBUG] [net.minecraftforge.coremod.CoreModEngine/COREMOD]: Loading CoreMod from coremods/method_redirector.js
[01Oct2026 17:29:12.733] [main/DEBUG] [net.minecraftforge.coremod.CoreModEngine/COREMOD]: CoreMod loaded successfully
[01Oct2026 17:29:12.751] [main/DEBUG] [cpw.mods.modlauncher.TransformStore/MODLAUNCHER]: Adding transformer net.minecraftforge.coremod.transformer.CoreModClassTransformer@7650ded6 to Target : CLASS {Lnet/minecraft/world/level/biome/Biome;} {} {V}
[01Oct2026 17:29:12.753] [main/DEBUG] [cpw.mods.modlauncher.TransformStore/MODLAUNCHER]: Adding transformer net.minecraftforge.coremod.transformer.CoreModClassTransformer@40d60f2 to Target : CLASS {Lnet/minecraft/world/level/levelgen/structure/Structure;} {} {V}
[01Oct2026 17:29:12.753] [main/DEBUG] [cpw.mods.modlauncher.TransformStore/MODLAUNCHER]: Adding transformer net.minecraftforge.coremod.transformer.CoreModClassTransformer@3382cf68 to Target : CLASS {Lnet/minecraft/world/effect/MobEffectInstance;} {} {V}
[01Oct2026 17:29:12.753] [main/DEBUG] [cpw.mods.modlauncher.TransformStore/MODLAUNCHER]: Adding transformer net.minecraftforge.coremod.transformer.CoreModClassTransformer@2f74900b to Target : CLASS {Lnet/minecraft/world/level/block/LiquidBlock;} {} {V}
[01Oct2026 17:29:12.753] [main/DEBUG] [cpw.mods.modlauncher.TransformStore/MODLAUNCHER]: Adding transformer net.minecraftforge.coremod.transformer.CoreModClassTransformer@6d8796c1 to Target : CLASS {Lnet/minecraft/world/item/BucketItem;} {} {V}
[01Oct2026 17:29:12.754] [main/DEBUG] [cpw.mods.modlauncher.TransformStore/MODLAUNCHER]: Adding transformer net.minecraftforge.coremod.transformer.CoreModClassTransformer@2e26173 to Target : CLASS {Lnet/minecraft/world/level/block/StairBlock;} {} {V}
[01Oct2026 17:29:12.754] [main/DEBUG] [cpw.mods.modlauncher.TransformStore/MODLAUNCHER]: Adding transformer net.minecraftforge.coremod.transformer.CoreModClassTransformer@27be17c8 to Target : CLASS {Lnet/minecraft/world/level/block/FlowerPotBlock;} {} {V}
[01Oct2026 17:29:12.754] [main/DEBUG] [cpw.mods.modlauncher.TransformStore/MODLAUNCHER]: Adding transformer net.minecraftforge.coremod.transformer.CoreModClassTransformer@2c413ffc to Target : CLASS {Lnet/minecraft/world/item/ItemStack;} {} {V}
[01Oct2026 17:29:12.754] [main/DEBUG] [cpw.mods.modlauncher.TransformStore/MODLAUNCHER]: Adding transformer net.minecraftforge.coremod.transformer.CoreModClassTransformer@7d21852b to Target : CLASS {Lnet/minecraft/network/play/client/CClientSettingsPacket;} {} {V}
[01Oct2026 17:29:12.754] [main/DEBUG] [cpw.mods.modlauncher.TransformStore/MODLAUNCHER]: Adding transformer net.minecraftforge.coremod.transformer.CoreModClassTransformer@6cd98a05 to Target : CLASS {Lnet/minecraft/world/entity/EntityType;} {} {V}
[01Oct2026 17:29:12.754] [main/DEBUG] [cpw.mods.modlauncher.TransformStore/MODLAUNCHER]: Adding transformer net.minecraftforge.coremod.transformer.CoreModClassTransformer@6cd98a05 to Target : CLASS {Lnet/minecraft/world/entity/npc/Villager;} {} {V}
[01Oct2026 17:29:12.754] [main/DEBUG] [cpw.mods.modlauncher.TransformStore/MODLAUNCHER]: Adding transformer net.minecraftforge.coremod.transformer.CoreModClassTransformer@6cd98a05 to Target : CLASS {Lnet/minecraft/world/entity/raid/Raid;} {} {V}
[01Oct2026 17:29:12.754] [main/DEBUG] [cpw.mods.modlauncher.TransformStore/MODLAUNCHER]: Adding transformer net.minecraftforge.coremod.transformer.CoreModClassTransformer@6cd98a05 to Target : CLASS {Lnet/minecraft/world/entity/animal/frog/Tadpole;} {} {V}
[01Oct2026 17:29:12.754] [main/DEBUG] [cpw.mods.modlauncher.TransformStore/MODLAUNCHER]: Adding transformer net.minecraftforge.coremod.transformer.CoreModClassTransformer@6cd98a05 to Target : CLASS {Lnet/minecraft/world/level/levelgen/structure/structures/OceanMonumentPieces$OceanMonumentPiece;} {} {V}
[01Oct2026 17:29:12.754] [main/DEBUG] [cpw.mods.modlauncher.TransformStore/MODLAUNCHER]: Adding transformer net.minecraftforge.coremod.transformer.CoreModClassTransformer@6cd98a05 to Target : CLASS {Lnet/minecraft/world/level/levelgen/structure/structures/OceanRuinPieces$OceanRuinPiece;} {} {V}
[01Oct2026 17:29:12.755] [main/DEBUG] [cpw.mods.modlauncher.TransformStore/MODLAUNCHER]: Adding transformer net.minecraftforge.coremod.transformer.CoreModClassTransformer@6cd98a05 to Target : CLASS {Lnet/minecraft/world/entity/monster/Spider;} {} {V}
[01Oct2026 17:29:12.755] [main/DEBUG] [cpw.mods.modlauncher.TransformStore/MODLAUNCHER]: Adding transformer net.minecraftforge.coremod.transformer.CoreModClassTransformer@6cd98a05 to Target : CLASS {Lnet/minecraft/world/entity/animal/horse/SkeletonTrapGoal;} {} {V}
[01Oct2026 17:29:12.755] [main/DEBUG] [cpw.mods.modlauncher.TransformStore/MODLAUNCHER]: Adding transformer net.minecraftforge.coremod.transformer.CoreModClassTransformer@6cd98a05 to Target : CLASS {Lnet/minecraft/world/entity/monster/Strider;} {} {V}
[01Oct2026 17:29:12.755] [main/DEBUG] [cpw.mods.modlauncher.TransformStore/MODLAUNCHER]: Adding transformer net.minecraftforge.coremod.transformer.CoreModClassTransformer@6cd98a05 to Target : CLASS {Lnet/minecraft/world/level/levelgen/PatrolSpawner;} {} {V}
[01Oct2026 17:29:12.755] [main/DEBUG] [cpw.mods.modlauncher.TransformStore/MODLAUNCHER]: Adding transformer net.minecraftforge.coremod.transformer.CoreModClassTransformer@6cd98a05 to Target : CLASS {Lnet/minecraft/world/entity/npc/CatSpawner;} {} {V}
[01Oct2026 17:29:12.755] [main/DEBUG] [cpw.mods.modlauncher.TransformStore/MODLAUNCHER]: Adding transformer net.minecraftforge.coremod.transformer.CoreModClassTransformer@6cd98a05 to Target : CLASS {Lnet/minecraft/server/commands/RaidCommand;} {} {V}
[01Oct2026 17:29:12.755] [main/DEBUG] [cpw.mods.modlauncher.TransformStore/MODLAUNCHER]: Adding transformer net.minecraftforge.coremod.transformer.CoreModClassTransformer@6cd98a05 to Target : CLASS {Lnet/minecraft/world/entity/monster/Evoker$EvokerSummonSpellGoal;} {} {V}
[01Oct2026 17:29:12.755] [main/DEBUG] [cpw.mods.modlauncher.TransformStore/MODLAUNCHER]: Adding transformer net.minecraftforge.coremod.transformer.CoreModClassTransformer@6cd98a05 to Target : CLASS {Lnet/minecraft/world/level/levelgen/structure/structures/WoodlandMansionPieces$WoodlandMansionPiece;} {} {V}
[01Oct2026 17:29:12.755] [main/DEBUG] [cpw.mods.modlauncher.TransformStore/MODLAUNCHER]: Adding transformer net.minecraftforge.coremod.transformer.CoreModClassTransformer@6cd98a05 to Target : CLASS {Lnet/minecraft/world/level/levelgen/PhantomSpawner;} {} {V}
[01Oct2026 17:29:12.756] [main/DEBUG] [cpw.mods.modlauncher.TransformStore/MODLAUNCHER]: Adding transformer net.minecraftforge.coremod.transformer.CoreModClassTransformer@6cd98a05 to Target : CLASS {Lnet/minecraft/world/entity/ai/village/VillageSiege;} {} {V}
[01Oct2026 17:29:12.756] [main/DEBUG] [cpw.mods.modlauncher.TransformStore/MODLAUNCHER]: Adding transformer net.minecraftforge.coremod.transformer.CoreModClassTransformer@6cd98a05 to Target : CLASS {Lnet/minecraft/world/entity/monster/ZombieVillager;} {} {V}
[01Oct2026 17:29:12.756] [main/DEBUG] [cpw.mods.modlauncher.TransformStore/MODLAUNCHER]: Adding transformer net.minecraftforge.coremod.transformer.CoreModClassTransformer@6cd98a05 to Target : CLASS {Lnet/minecraft/world/level/NaturalSpawner;} {} {V}
[01Oct2026 17:29:12.756] [main/DEBUG] [cpw.mods.modlauncher.TransformStore/MODLAUNCHER]: Adding transformer net.minecraftforge.coremod.transformer.CoreModClassTransformer@6cd98a05 to Target : CLASS {Lnet/minecraft/world/entity/monster/Zombie;} {} {V}
[01Oct2026 17:29:12.756] [main/DEBUG] [cpw.mods.modlauncher.TransformStore/MODLAUNCHER]: Adding transformer net.minecraftforge.coremod.transformer.CoreModClassTransformer@6cd98a05 to Target : CLASS {Lnet/minecraft/world/level/levelgen/structure/structures/SwampHutPiece;} {} {V}
[01Oct2026 17:29:12.756] [main/DEBUG] [cpw.mods.modlauncher.TransformStore/MODLAUNCHER]: Adding transformer net.minecraftforge.coremod.transformer.CoreModClassTransformer@6cd98a05 to Target : CLASS {Lnet/minecraft/server/commands/SummonCommand;} {} {V}
[01Oct2026 17:29:12.756] [main/DEBUG] [cpw.mods.modlauncher.TransformStore/MODLAUNCHER]: Adding transformer net.minecraftforge.coremod.transformer.CoreModClassTransformer@6cd98a05 to Target : CLASS {Lnet/minecraft/world/level/levelgen/structure/templatesystem/StructureTemplate;} {} {V}
[01Oct2026 17:29:12.756] [main/DEBUG] [cpw.mods.modlauncher.TransformationServiceDecorator/MODLAUNCHER]: Initialized transformers for transformation service fml
[01Oct2026 17:29:13.211] [main/DEBUG] [mixin/]: Processing prepare() for PlatformAgent[MixinPlatformAgentDefault:ModLauncher Root Container(ModLauncher:4f56a0a2)]
[01Oct2026 17:29:13.211] [main/DEBUG] [mixin/]: Registering mixin config: rgbdeco.mixins.json
[01Oct2026 17:29:13.230] [main/DEBUG] [mixin/]: Compatibility level JAVA_8 specified by rgbdeco.mixins.json is lower than the default level supported by the current mixin service (JAVA_16).
[01Oct2026 17:29:13.233] [main/DEBUG] [mixin/]: Processing launch tasks for PlatformAgent[MixinPlatformAgentDefault:ModLauncher Root Container(ModLauncher:4f56a0a2)]
[01Oct2026 17:29:13.233] [main/DEBUG] [mixin/]: Adding mixin platform agents for container SecureJarResource(fusion)
[01Oct2026 17:29:13.233] [main/DEBUG] [mixin/]: Instancing new MixinPlatformAgentMinecraftForge for SecureJarResource(fusion)
[01Oct2026 17:29:13.233] [main/DEBUG] [mixin/]: MixinPlatformAgentMinecraftForge rejected container SecureJarResource(fusion)
[01Oct2026 17:29:13.233] [main/DEBUG] [mixin/]: Instancing new MixinPlatformAgentDefault for SecureJarResource(fusion)
[01Oct2026 17:29:13.233] [main/DEBUG] [mixin/]: MixinPlatformAgentDefault accepted container SecureJarResource(fusion)
[01Oct2026 17:29:13.233] [main/DEBUG] [mixin/]: Processing prepare() for PlatformAgent[MixinPlatformAgentDefault:SecureJarResource(fusion)]
[01Oct2026 17:29:13.235] [main/DEBUG] [mixin/]: Registering mixin config: fusion.mixins.json
[01Oct2026 17:29:13.237] [main/DEBUG] [mixin/]: Compatibility level JAVA_17 specified by fusion.mixins.json is higher than the maximum level supported by this version of mixin (JAVA_13).
[01Oct2026 17:29:13.240] [main/INFO] [mixin/]: Compatibility level set to JAVA_17
[01Oct2026 17:29:13.240] [main/DEBUG] [mixin/]: Adding mixin platform agents for container SecureJarResource(minecraft)
[01Oct2026 17:29:13.240] [main/DEBUG] [mixin/]: Instancing new MixinPlatformAgentMinecraftForge for SecureJarResource(minecraft)
[01Oct2026 17:29:13.240] [main/DEBUG] [mixin/]: MixinPlatformAgentMinecraftForge rejected container SecureJarResource(minecraft)
[01Oct2026 17:29:13.240] [main/DEBUG] [mixin/]: Instancing new MixinPlatformAgentDefault for SecureJarResource(minecraft)
[01Oct2026 17:29:13.240] [main/DEBUG] [mixin/]: MixinPlatformAgentDefault accepted container SecureJarResource(minecraft)
[01Oct2026 17:29:13.240] [main/DEBUG] [mixin/]: Processing prepare() for PlatformAgent[MixinPlatformAgentDefault:SecureJarResource(minecraft)]
[01Oct2026 17:29:13.240] [main/DEBUG] [mixin/]: Adding mixin platform agents for container SecureJarResource(powah)
[01Oct2026 17:29:13.242] [main/DEBUG] [mixin/]: Instancing new MixinPlatformAgentMinecraftForge for SecureJarResource(powah)
[01Oct2026 17:29:13.242] [main/DEBUG] [mixin/]: MixinPlatformAgentMinecraftForge rejected container SecureJarResource(powah)
[01Oct2026 17:29:13.242] [main/DEBUG] [mixin/]: Instancing new MixinPlatformAgentDefault for SecureJarResource(powah)
[01Oct2026 17:29:13.242] [main/DEBUG] [mixin/]: MixinPlatformAgentDefault accepted container SecureJarResource(powah)
[01Oct2026 17:29:13.242] [main/DEBUG] [mixin/]: Processing prepare() for PlatformAgent[MixinPlatformAgentDefault:SecureJarResource(powah)]
[01Oct2026 17:29:13.242] [main/DEBUG] [mixin/]: Adding mixin platform agents for container SecureJarResource(colorful_lighting)
[01Oct2026 17:29:13.242] [main/DEBUG] [mixin/]: Instancing new MixinPlatformAgentMinecraftForge for SecureJarResource(colorful_lighting)
[01Oct2026 17:29:13.242] [main/DEBUG] [mixin/]: MixinPlatformAgentMinecraftForge rejected container SecureJarResource(colorful_lighting)
[01Oct2026 17:29:13.242] [main/DEBUG] [mixin/]: Instancing new MixinPlatformAgentDefault for SecureJarResource(colorful_lighting)
[01Oct2026 17:29:13.242] [main/DEBUG] [mixin/]: MixinPlatformAgentDefault accepted container SecureJarResource(colorful_lighting)
[01Oct2026 17:29:13.242] [main/DEBUG] [mixin/]: Processing prepare() for PlatformAgent[MixinPlatformAgentDefault:SecureJarResource(colorful_lighting)]
[01Oct2026 17:29:13.243] [main/DEBUG] [mixin/]: Registering mixin config: colorful_lighting.mixins.json
[01Oct2026 17:29:13.244] [main/DEBUG] [mixin/]: Adding mixin platform agents for container SecureJarResource(cloth_config)
[01Oct2026 17:29:13.244] [main/DEBUG] [mixin/]: Instancing new MixinPlatformAgentMinecraftForge for SecureJarResource(cloth_config)
[01Oct2026 17:29:13.244] [main/DEBUG] [mixin/]: MixinPlatformAgentMinecraftForge rejected container SecureJarResource(cloth_config)
[01Oct2026 17:29:13.244] [main/DEBUG] [mixin/]: Instancing new MixinPlatformAgentDefault for SecureJarResource(cloth_config)
[01Oct2026 17:29:13.244] [main/DEBUG] [mixin/]: MixinPlatformAgentDefault accepted container SecureJarResource(cloth_config)
[01Oct2026 17:29:13.244] [main/DEBUG] [mixin/]: Processing prepare() for PlatformAgent[MixinPlatformAgentDefault:SecureJarResource(cloth_config)]
[01Oct2026 17:29:13.244] [main/DEBUG] [mixin/]: Adding mixin platform agents for container SecureJarResource(forge)
[01Oct2026 17:29:13.244] [main/DEBUG] [mixin/]: Instancing new MixinPlatformAgentMinecraftForge for SecureJarResource(forge)
[01Oct2026 17:29:13.244] [main/DEBUG] [mixin/]: MixinPlatformAgentMinecraftForge rejected container SecureJarResource(forge)
[01Oct2026 17:29:13.244] [main/DEBUG] [mixin/]: Instancing new MixinPlatformAgentDefault for SecureJarResource(forge)
[01Oct2026 17:29:13.244] [main/DEBUG] [mixin/]: MixinPlatformAgentDefault accepted container SecureJarResource(forge)
[01Oct2026 17:29:13.244] [main/DEBUG] [mixin/]: Processing prepare() for PlatformAgent[MixinPlatformAgentDefault:SecureJarResource(forge)]
[01Oct2026 17:29:13.244] [main/DEBUG] [mixin/]: Adding mixin platform agents for container SecureJarResource(rgbdeco)
[01Oct2026 17:29:13.244] [main/DEBUG] [mixin/]: Instancing new MixinPlatformAgentMinecraftForge for SecureJarResource(rgbdeco)
[01Oct2026 17:29:13.244] [main/DEBUG] [mixin/]: MixinPlatformAgentMinecraftForge rejected container SecureJarResource(rgbdeco)
[01Oct2026 17:29:13.244] [main/DEBUG] [mixin/]: Instancing new MixinPlatformAgentDefault for SecureJarResource(rgbdeco)
[01Oct2026 17:29:13.244] [main/DEBUG] [mixin/]: MixinPlatformAgentDefault accepted container SecureJarResource(rgbdeco)
[01Oct2026 17:29:13.244] [main/DEBUG] [mixin/]: Processing prepare() for PlatformAgent[MixinPlatformAgentDefault:SecureJarResource(rgbdeco)]
[01Oct2026 17:29:13.244] [main/DEBUG] [mixin/]: Adding mixin platform agents for container SecureJarResource(architectury)
[01Oct2026 17:29:13.244] [main/DEBUG] [mixin/]: Instancing new MixinPlatformAgentMinecraftForge for SecureJarResource(architectury)
[01Oct2026 17:29:13.244] [main/DEBUG] [mixin/]: MixinPlatformAgentMinecraftForge rejected container SecureJarResource(architectury)
[01Oct2026 17:29:13.246] [main/DEBUG] [mixin/]: Instancing new MixinPlatformAgentDefault for SecureJarResource(architectury)
[01Oct2026 17:29:13.246] [main/DEBUG] [mixin/]: MixinPlatformAgentDefault accepted container SecureJarResource(architectury)
[01Oct2026 17:29:13.246] [main/DEBUG] [mixin/]: Processing prepare() for PlatformAgent[MixinPlatformAgentDefault:SecureJarResource(architectury)]
[01Oct2026 17:29:13.246] [main/DEBUG] [mixin/]: Registering mixin config: architectury.mixins.json
[01Oct2026 17:29:13.248] [main/DEBUG] [mixin/]: Compatibility level JAVA_16 specified by architectury.mixins.json is higher than the maximum level supported by this version of mixin (JAVA_13).
[01Oct2026 17:29:13.248] [main/DEBUG] [mixin/]: Registering mixin config: architectury-common.mixins.json
[01Oct2026 17:29:13.250] [main/DEBUG] [mixin/]: Compatibility level JAVA_16 specified by architectury-common.mixins.json is higher than the maximum level supported by this version of mixin (JAVA_13).
[01Oct2026 17:29:13.251] [main/DEBUG] [mixin/]: inject() running with 9 agents
[01Oct2026 17:29:13.251] [main/DEBUG] [mixin/]: Processing inject() for PlatformAgent[MixinPlatformAgentDefault:ModLauncher Root Container(ModLauncher:4f56a0a2)]
[01Oct2026 17:29:13.251] [main/DEBUG] [mixin/]: Processing inject() for PlatformAgent[MixinPlatformAgentDefault:SecureJarResource(fusion)]
[01Oct2026 17:29:13.251] [main/DEBUG] [mixin/]: Processing inject() for PlatformAgent[MixinPlatformAgentDefault:SecureJarResource(minecraft)]
[01Oct2026 17:29:13.251] [main/DEBUG] [mixin/]: Processing inject() for PlatformAgent[MixinPlatformAgentDefault:SecureJarResource(powah)]
[01Oct2026 17:29:13.251] [main/DEBUG] [mixin/]: Processing inject() for PlatformAgent[MixinPlatformAgentDefault:SecureJarResource(colorful_lighting)]
[01Oct2026 17:29:13.251] [main/DEBUG] [mixin/]: Processing inject() for PlatformAgent[MixinPlatformAgentDefault:SecureJarResource(cloth_config)]
[01Oct2026 17:29:13.251] [main/DEBUG] [mixin/]: Processing inject() for PlatformAgent[MixinPlatformAgentDefault:SecureJarResource(forge)]
[01Oct2026 17:29:13.251] [main/DEBUG] [mixin/]: Processing inject() for PlatformAgent[MixinPlatformAgentDefault:SecureJarResource(rgbdeco)]
[01Oct2026 17:29:13.251] [main/DEBUG] [mixin/]: Processing inject() for PlatformAgent[MixinPlatformAgentDefault:SecureJarResource(architectury)]
[01Oct2026 17:29:13.252] [main/INFO] [cpw.mods.modlauncher.LaunchServiceHandler/MODLAUNCHER]: Launching target 'forgeclientuserdev' with arguments [--version, MOD_DEV, --gameDir, ., --assetsDir, C:\Users\Ethan\.gradle\caches\forge_gradle\assets, --assetIndex, 5]
[01Oct2026 17:29:13.390] [main/DEBUG] [mixin/]: Error cleaning class output directory: .mixin.out
[01Oct2026 17:29:13.392] [main/DEBUG] [mixin/]: Preparing mixins for MixinEnvironment[DEFAULT]
[01Oct2026 17:29:13.393] [main/DEBUG] [mixin/]: Selecting config rgbdeco.mixins.json
[01Oct2026 17:29:13.398] [main/WARN] [mixin/]: Reference map 'rgbdeco.refmap.json' for rgbdeco.mixins.json could not be read. If this is a development environment you can ignore this message
[01Oct2026 17:29:13.400] [main/DEBUG] [mixin/]: Selecting config fusion.mixins.json
[01Oct2026 17:29:13.645] [main/INFO] [mixin/]: Remapping refMap fusion.mixins.refmap.json using C:\Users\Ethan\OneDrive\Documents\GitHub\rgbdeco\build\createSrgToMcp\output.srg
[01Oct2026 17:29:13.645] [main/DEBUG] [mixin/]: Selecting config colorful_lighting.mixins.json
[01Oct2026 17:29:13.650] [main/INFO] [mixin/]: Remapping refMap colorful_lighting.refmap.json using C:\Users\Ethan\OneDrive\Documents\GitHub\rgbdeco\build\createSrgToMcp\output.srg
[01Oct2026 17:29:13.650] [main/DEBUG] [mixin/]: Selecting config architectury.mixins.json
[01Oct2026 17:29:13.652] [main/INFO] [mixin/]: Remapping refMap architectury-forge-refmap.json using C:\Users\Ethan\OneDrive\Documents\GitHub\rgbdeco\build\createSrgToMcp\output.srg
[01Oct2026 17:29:13.652] [main/DEBUG] [mixin/]: Selecting config architectury-common.mixins.json
[01Oct2026 17:29:13.652] [main/INFO] [mixin/]: Remapping refMap architectury-common-refmap.json using C:\Users\Ethan\OneDrive\Documents\GitHub\rgbdeco\build\createSrgToMcp\output.srg
[01Oct2026 17:29:13.654] [main/DEBUG] [mixin/]: Preparing rgbdeco.mixins.json (0)
[01Oct2026 17:29:13.655] [main/DEBUG] [mixin/]: Preparing fusion.mixins.json (36)
[01Oct2026 17:29:13.783] [main/DEBUG] [mixin/]: Preparing colorful_lighting.mixins.json (63)
[01Oct2026 17:29:14.095] [main/WARN] [mixin/]: Error loading class: ca/spottedleaf/starlight/common/light/StarLightInterface (java.lang.ClassNotFoundException: ca.spottedleaf.starlight.common.light.StarLightInterface)
[01Oct2026 17:29:14.095] [main/DEBUG] [mixin/]: Skipping virtual target ca.spottedleaf.starlight.common.light.StarLightInterface for colorful_lighting.mixins.json:compat.starlight.StarlightInterfaceMixin
[01Oct2026 17:29:14.097] [main/WARN] [mixin/]: Error loading class: ca/spottedleaf/starlight/common/light/StarLightInterface (java.lang.ClassNotFoundException: ca.spottedleaf.starlight.common.light.StarLightInterface)
[01Oct2026 17:29:14.097] [main/DEBUG] [mixin/]: Skipping virtual target ca.spottedleaf.starlight.common.light.StarLightInterface for colorful_lighting.mixins.json:compat.starlight.StarlightLevelLightEngineMixin
[01Oct2026 17:29:14.114] [main/WARN] [mixin/]: Error loading class: com/leclowndu93150/wakes/simulation/Brick (java.lang.ClassNotFoundException: com.leclowndu93150.wakes.simulation.Brick)
[01Oct2026 17:29:14.114] [main/DEBUG] [mixin/]: Skipping virtual target com.leclowndu93150.wakes.simulation.Brick for colorful_lighting.mixins.json:compat.wakes.BrickMixin
[01Oct2026 17:29:14.115] [main/WARN] [mixin/]: Error loading class: com/leclowndu93150/wakes/particle/custom/SplashPlaneParticle (java.lang.ClassNotFoundException: com.leclowndu93150.wakes.particle.custom.SplashPlaneParticle)
[01Oct2026 17:29:14.115] [main/DEBUG] [mixin/]: Skipping virtual target com.leclowndu93150.wakes.particle.custom.SplashPlaneParticle for colorful_lighting.mixins.json:compat.wakes.SplashPlaneParticleMixin
[01Oct2026 17:29:14.118] [main/WARN] [mixin/]: Error loading class: net/irisshaders/iris/gl/shader/StandardMacros (java.lang.ClassNotFoundException: net.irisshaders.iris.gl.shader.StandardMacros)
[01Oct2026 17:29:14.118] [main/WARN] [mixin/]: @Mixin target net.irisshaders.iris.gl.shader.StandardMacros was not found colorful_lighting.mixins.json:compat.iris.IrisMacroInjection
[01Oct2026 17:29:14.119] [main/WARN] [mixin/]: Error loading class: net/irisshaders/iris/pipeline/transform/transformer/CommonTransformer (java.lang.ClassNotFoundException: net.irisshaders.iris.pipeline.transform.transformer.CommonTransformer)
[01Oct2026 17:29:14.119] [main/WARN] [mixin/]: @Mixin target net.irisshaders.iris.pipeline.transform.transformer.CommonTransformer was not found colorful_lighting.mixins.json:compat.iris.CommonTransformerMixin
[01Oct2026 17:29:14.121] [main/WARN] [mixin/]: Error loading class: net/irisshaders/iris/shaderpack/properties/ShaderProperties (java.lang.ClassNotFoundException: net.irisshaders.iris.shaderpack.properties.ShaderProperties)
[01Oct2026 17:29:14.121] [main/WARN] [mixin/]: @Mixin target net.irisshaders.iris.shaderpack.properties.ShaderProperties was not found colorful_lighting.mixins.json:compat.iris.ShaderPropertiesMixin
[01Oct2026 17:29:14.123] [main/WARN] [mixin/]: Error loading class: net/irisshaders/iris/shaderpack/ShaderPack (java.lang.ClassNotFoundException: net.irisshaders.iris.shaderpack.ShaderPack)
[01Oct2026 17:29:14.123] [main/WARN] [mixin/]: @Mixin target net.irisshaders.iris.shaderpack.ShaderPack was not found colorful_lighting.mixins.json:compat.iris.ShaderPackMixin
[01Oct2026 17:29:14.125] [main/WARN] [mixin/]: Error loading class: net/irisshaders/iris/shaderpack/ShaderPack (java.lang.ClassNotFoundException: net.irisshaders.iris.shaderpack.ShaderPack)
[01Oct2026 17:29:14.125] [main/WARN] [mixin/]: @Mixin target net.irisshaders.iris.shaderpack.ShaderPack was not found colorful_lighting.mixins.json:compat.iris.ShaderPackAccessor
[01Oct2026 17:29:14.126] [main/WARN] [mixin/]: Error loading class: net/irisshaders/iris/Iris (java.lang.ClassNotFoundException: net.irisshaders.iris.Iris)
[01Oct2026 17:29:14.126] [main/WARN] [mixin/]: @Mixin target net.irisshaders.iris.Iris was not found colorful_lighting.mixins.json:compat.iris.IrisMixin
[01Oct2026 17:29:14.130] [main/WARN] [mixin/]: Error loading class: me/jellysquid/mods/sodium/client/model/light/flat/FlatLightPipeline (java.lang.ClassNotFoundException: me.jellysquid.mods.sodium.client.model.light.flat.FlatLightPipeline)
[01Oct2026 17:29:14.131] [main/WARN] [mixin/]: @Mixin target me.jellysquid.mods.sodium.client.model.light.flat.FlatLightPipeline was not found colorful_lighting.mixins.json:compat.sodium.sodium.FlatLightPipelineMixin
[01Oct2026 17:29:14.133] [main/WARN] [mixin/]: Error loading class: me/jellysquid/mods/sodium/client/model/light/smooth/SmoothLightPipeline (java.lang.ClassNotFoundException: me.jellysquid.mods.sodium.client.model.light.smooth.SmoothLightPipeline)
[01Oct2026 17:29:14.133] [main/DEBUG] [mixin/]: Skipping virtual target me.jellysquid.mods.sodium.client.model.light.smooth.SmoothLightPipeline for colorful_lighting.mixins.json:compat.sodium.sodium.SodiumSmoothLightPipelineMixin
[01Oct2026 17:29:14.136] [main/DEBUG] [mixin/]: Preparing architectury.mixins.json (9)
[01Oct2026 17:29:14.153] [main/DEBUG] [mixin/]: Preparing architectury-common.mixins.json (10)
[01Oct2026 17:29:14.164] [main/DEBUG] [net.minecraftforge.coremod.transformer.CoreModBaseTransformer/COREMOD]: Transforming net/minecraft/world/item/BucketItem
[01Oct2026 17:29:14.174] [main/DEBUG] [net.minecraftforge.coremod.transformer.CoreModBaseTransformer/COREMOD]: Transforming net/minecraft/world/entity/EntityType
[01Oct2026 17:29:14.338] [main/DEBUG] [net.minecraftforge.coremod.transformer.CoreModBaseTransformer/COREMOD]: Transforming net/minecraft/world/level/block/LiquidBlock
[01Oct2026 17:29:14.364] [main/DEBUG] [mixin/]: Registering new injector for @Inject with org.spongepowered.asm.mixin.injection.struct.CallbackInjectionInfo
[01Oct2026 17:29:14.366] [main/DEBUG] [mixin/]: Registering new injector for @ModifyArg with org.spongepowered.asm.mixin.injection.struct.ModifyArgInjectionInfo
[01Oct2026 17:29:14.367] [main/DEBUG] [mixin/]: Registering new injector for @ModifyArgs with org.spongepowered.asm.mixin.injection.struct.ModifyArgsInjectionInfo
[01Oct2026 17:29:14.369] [main/DEBUG] [mixin/]: Registering new injector for @Redirect with org.spongepowered.asm.mixin.injection.struct.RedirectInjectionInfo
[01Oct2026 17:29:14.370] [main/DEBUG] [mixin/]: Registering new injector for @ModifyVariable with org.spongepowered.asm.mixin.injection.struct.ModifyVariableInjectionInfo
[01Oct2026 17:29:14.372] [main/DEBUG] [mixin/]: Registering new injector for @ModifyConstant with org.spongepowered.asm.mixin.injection.struct.ModifyConstantInjectionInfo
[01Oct2026 17:29:14.402] [main/DEBUG] [mixin/]: Prepared 71 mixins in 1.009 sec (14.2ms avg) (0ms load, 0ms transform, 0ms plugin)
[01Oct2026 17:29:14.428] [main/DEBUG] [mixin/]: Mixing MixinMinecraft from architectury.mixins.json into net.minecraft.client.Minecraft
[01Oct2026 17:29:14.868] [main/DEBUG] [io.netty.util.internal.logging.InternalLoggerFactory/]: Using SLF4J as the default logging framework
[01Oct2026 17:29:14.871] [main/DEBUG] [io.netty.util.ResourceLeakDetector/]: -Dio.netty.leakDetection.level: simple
[01Oct2026 17:29:14.871] [main/DEBUG] [io.netty.util.ResourceLeakDetector/]: -Dio.netty.leakDetection.targetRecords: 4
[01Oct2026 17:29:14.974] [main/DEBUG] [oshi.util.FileUtil/]: No oshi.properties file found from ClassLoader cpw.mods.modlauncher.TransformingClassLoader@3a4ab7f7
[01Oct2026 17:29:15.189] [main/DEBUG] [oshi.util.FileUtil/]: No oshi.architecture.properties file found from ClassLoader cpw.mods.modlauncher.TransformingClassLoader@3a4ab7f7
[01Oct2026 17:29:15.608] [pool-4-thread-1/DEBUG] [mixin/]: Mixing inject.MixinGameEvent from architectury-common.mixins.json into net.minecraft.world.level.gameevent.GameEvent
[01Oct2026 17:29:15.632] [pool-4-thread-1/DEBUG] [mixin/]: Mixing inject.MixinBlock from architectury-common.mixins.json into net.minecraft.world.level.block.Block
[01Oct2026 17:29:15.658] [pool-4-thread-1/DEBUG] [mixin/]: Mixing EntityMixin from fusion.mixins.json into net.minecraft.world.entity.Entity
[01Oct2026 17:29:15.707] [pool-4-thread-1/DEBUG] [mixin/]: Mixing LevelMixin from fusion.mixins.json into net.minecraft.world.level.Level
[01Oct2026 17:29:15.709] [pool-4-thread-1/DEBUG] [mixin/]: Mixing LevelMixin from colorful_lighting.mixins.json into net.minecraft.world.level.Level
[01Oct2026 17:29:15.741] [pool-4-thread-1/DEBUG] [mixin/]: Mixing LevelReaderMixin from fusion.mixins.json into net.minecraft.world.level.LevelReader
[01Oct2026 17:29:15.784] [pool-4-thread-1/DEBUG] [mixin/]: Mixing inject.MixinFluid from architectury-common.mixins.json into net.minecraft.world.level.material.Fluid
[01Oct2026 17:29:15.789] [pool-4-thread-1/DEBUG] [mixin/]: Mixing inject.MixinItem from architectury-common.mixins.json into net.minecraft.world.item.Item
[01Oct2026 17:29:15.807] [pool-4-thread-1/DEBUG] [net.minecraftforge.coremod.transformer.CoreModBaseTransformer/COREMOD]: Transforming net/minecraft/world/entity/EntityType
[01Oct2026 17:29:16.002] [pool-4-thread-1/DEBUG] [mixin/]: Mixing inject.MixinEntityType from architectury-common.mixins.json into net.minecraft.world.entity.EntityType
[01Oct2026 17:29:16.247] [pool-4-thread-1/DEBUG] [net.minecraftforge.coremod.transformer.CoreModBaseTransformer/COREMOD]: Transforming net/minecraft/world/level/block/LiquidBlock
[01Oct2026 17:29:16.247] [pool-4-thread-1/DEBUG] [mixin/]: Mixing inject.MixinLiquidBlock from architectury-common.mixins.json into net.minecraft.world.level.block.LiquidBlock
[01Oct2026 17:29:16.270] [pool-4-thread-1/DEBUG] [net.minecraftforge.coremod.transformer.CoreModBaseTransformer/COREMOD]: Transforming net/minecraft/world/level/block/StairBlock
[01Oct2026 17:29:16.344] [pool-4-thread-1/DEBUG] [net.minecraftforge.coremod.transformer.CoreModBaseTransformer/COREMOD]: Transforming net/minecraft/world/level/block/FlowerPotBlock
[01Oct2026 17:29:16.491] [pool-4-thread-1/DEBUG] [mixin/]: Mixing MixinFallingBlockEntity from architectury.mixins.json into net.minecraft.world.entity.item.FallingBlockEntity
[01Oct2026 17:29:16.936] [pool-4-thread-1/DEBUG] [net.minecraftforge.coremod.transformer.CoreModBaseTransformer/COREMOD]: Transforming net/minecraft/world/item/ItemStack
[01Oct2026 17:29:16.964] [pool-4-thread-1/DEBUG] [mixin/]: Mixing BeaconBlockEntityAccessor from colorful_lighting.mixins.json into net.minecraft.world.level.block.entity.BeaconBlockEntity
[01Oct2026 17:29:17.097] [pool-4-thread-1/DEBUG] [mixin/]: Mixing AgeableMobMixin from fusion.mixins.json into net.minecraft.world.entity.AgeableMob
[01Oct2026 17:29:17.352] [pool-4-thread-1/DEBUG] [mixin/]: Mixing MixinLightningBolt from architectury-common.mixins.json into net.minecraft.world.entity.LightningBolt
[01Oct2026 17:29:17.405] [pool-4-thread-1/DEBUG] [net.minecraftforge.coremod.transformer.CoreModBaseTransformer/COREMOD]: Transforming net/minecraft/world/entity/animal/frog/Tadpole
[01Oct2026 17:29:17.440] [pool-4-thread-1/DEBUG] [net.minecraftforge.coremod.transformer.CoreModBaseTransformer/COREMOD]: Transforming net/minecraft/world/item/BucketItem
[01Oct2026 17:29:17.440] [pool-4-thread-1/DEBUG] [mixin/]: Mixing inject.MixinBucketItem from architectury-common.mixins.json into net.minecraft.world.item.BucketItem
[01Oct2026 17:29:17.483] [pool-4-thread-1/DEBUG] [mixin/]: Mixing inject.MixinItemProperties from architectury-common.mixins.json into net.minecraft.world.item.Item$Properties
[01Oct2026 17:29:18.105] [pool-4-thread-1/DEBUG] [net.minecraftforge.coremod.transformer.CoreModBaseTransformer/COREMOD]: Transforming net/minecraft/world/entity/monster/Spider
[01Oct2026 17:29:18.153] [Datafixer Bootstrap/INFO] [com.mojang.datafixers.DataFixerBuilder/]: 188 Datafixer optimizations took 135 milliseconds
[01Oct2026 17:29:18.175] [pool-4-thread-1/DEBUG] [net.minecraftforge.coremod.transformer.CoreModBaseTransformer/COREMOD]: Transforming net/minecraft/world/entity/monster/Zombie
[01Oct2026 17:29:18.195] [pool-4-thread-1/DEBUG] [net.minecraftforge.coremod.transformer.CoreModBaseTransformer/COREMOD]: Transforming net/minecraft/world/entity/monster/ZombieVillager
[01Oct2026 17:29:18.255] [pool-4-thread-1/DEBUG] [net.minecraftforge.coremod.transformer.CoreModBaseTransformer/COREMOD]: Transforming net/minecraft/world/entity/monster/Evoker$EvokerSummonSpellGoal
[01Oct2026 17:29:18.406] [pool-4-thread-1/DEBUG] [net.minecraftforge.coremod.transformer.CoreModBaseTransformer/COREMOD]: Transforming net/minecraft/world/entity/animal/horse/SkeletonTrapGoal
[01Oct2026 17:29:18.425] [pool-4-thread-1/DEBUG] [net.minecraftforge.coremod.transformer.CoreModBaseTransformer/COREMOD]: Transforming net/minecraft/world/entity/monster/Strider
[01Oct2026 17:29:18.497] [pool-4-thread-1/DEBUG] [mixin/]: Mixing LevelChunkMixin from colorful_lighting.mixins.json into net.minecraft.world.level.chunk.LevelChunk
[01Oct2026 17:29:18.536] [pool-4-thread-1/DEBUG] [net.minecraftforge.coremod.transformer.CoreModBaseTransformer/COREMOD]: Transforming net/minecraft/world/entity/npc/Villager
[01Oct2026 17:29:18.593] [pool-4-thread-1/DEBUG] [mixin/]: Mixing inject.MixinFoodPropertiesBuilder from architectury-common.mixins.json into net.minecraft.world.food.FoodProperties$Builder
[01Oct2026 17:29:18.596] [pool-4-thread-1/DEBUG] [net.minecraftforge.coremod.transformer.CoreModBaseTransformer/COREMOD]: Transforming net/minecraft/world/effect/MobEffectInstance
[01Oct2026 17:29:18.729] [pool-4-thread-1/DEBUG] [mixin/]: Mixing LevelLightEngineMixin from colorful_lighting.mixins.json into net.minecraft.world.level.lighting.LevelLightEngine
[01Oct2026 17:29:19.004] [pool-4-thread-1/DEBUG] [net.minecraftforge.coremod.transformer.CoreModBaseTransformer/COREMOD]: Transforming net/minecraft/world/level/levelgen/structure/Structure
[01Oct2026 17:29:19.032] [pool-4-thread-1/DEBUG] [net.minecraftforge.coremod.transformer.CoreModBaseTransformer/COREMOD]: Transforming net/minecraft/world/level/levelgen/structure/structures/OceanRuinPieces$OceanRuinPiece
[01Oct2026 17:29:19.038] [pool-4-thread-1/DEBUG] [net.minecraftforge.coremod.transformer.CoreModBaseTransformer/COREMOD]: Transforming net/minecraft/world/level/levelgen/structure/structures/SwampHutPiece
[01Oct2026 17:29:19.045] [pool-4-thread-1/DEBUG] [net.minecraftforge.coremod.transformer.CoreModBaseTransformer/COREMOD]: Transforming net/minecraft/world/level/levelgen/structure/structures/OceanMonumentPieces$OceanMonumentPiece
[01Oct2026 17:29:19.057] [pool-4-thread-1/DEBUG] [net.minecraftforge.coremod.transformer.CoreModBaseTransformer/COREMOD]: Transforming net/minecraft/world/level/levelgen/structure/structures/WoodlandMansionPieces$WoodlandMansionPiece
[01Oct2026 17:29:19.127] [pool-4-thread-1/DEBUG] [net.minecraftforge.coremod.transformer.CoreModBaseTransformer/COREMOD]: Transforming net/minecraft/world/level/biome/Biome
[01Oct2026 17:29:19.255] [pool-4-thread-1/DEBUG] [net.minecraftforge.registries.GameData/REGISTRIES]: Creating vanilla freeze snapshot
[01Oct2026 17:29:19.259] [pool-4-thread-1/DEBUG] [net.minecraftforge.registries.ForgeRegistry/REGISTRIES]: Registry minecraft:block Sync: VANILLA -> ACTIVE
[01Oct2026 17:29:19.273] [pool-4-thread-1/DEBUG] [net.minecraftforge.registries.ForgeRegistry/REGISTRIES]: Registry minecraft:fluid Sync: VANILLA -> ACTIVE
[01Oct2026 17:29:19.273] [pool-4-thread-1/DEBUG] [net.minecraftforge.registries.ForgeRegistry/REGISTRIES]: Registry minecraft:item Sync: VANILLA -> ACTIVE
[01Oct2026 17:29:19.282] [pool-4-thread-1/DEBUG] [net.minecraftforge.registries.ForgeRegistry/REGISTRIES]: Registry minecraft:mob_effect Sync: VANILLA -> ACTIVE
[01Oct2026 17:29:19.282] [pool-4-thread-1/DEBUG] [net.minecraftforge.registries.ForgeRegistry/REGISTRIES]: Registry minecraft:sound_event Sync: VANILLA -> ACTIVE
[01Oct2026 17:29:19.291] [pool-4-thread-1/DEBUG] [net.minecraftforge.registries.ForgeRegistry/REGISTRIES]: Registry minecraft:potion Sync: VANILLA -> ACTIVE
[01Oct2026 17:29:19.291] [pool-4-thread-1/DEBUG] [net.minecraftforge.registries.ForgeRegistry/REGISTRIES]: Registry minecraft:enchantment Sync: VANILLA -> ACTIVE
[01Oct2026 17:29:19.292] [pool-4-thread-1/DEBUG] [net.minecraftforge.registries.ForgeRegistry/REGISTRIES]: Registry minecraft:entity_type Sync: VANILLA -> ACTIVE
[01Oct2026 17:29:19.292] [pool-4-thread-1/DEBUG] [net.minecraftforge.registries.ForgeRegistry/REGISTRIES]: Registry minecraft:block_entity_type Sync: VANILLA -> ACTIVE
[01Oct2026 17:29:19.294] [pool-4-thread-1/DEBUG] [net.minecraftforge.registries.ForgeRegistry/REGISTRIES]: Registry minecraft:particle_type Sync: VANILLA -> ACTIVE
[01Oct2026 17:29:19.294] [pool-4-thread-1/DEBUG] [net.minecraftforge.registries.ForgeRegistry/REGISTRIES]: Registry minecraft:menu Sync: VANILLA -> ACTIVE
[01Oct2026 17:29:19.294] [pool-4-thread-1/DEBUG] [net.minecraftforge.registries.ForgeRegistry/REGISTRIES]: Registry minecraft:painting_variant Sync: VANILLA -> ACTIVE
[01Oct2026 17:29:19.294] [pool-4-thread-1/DEBUG] [net.minecraftforge.registries.ForgeRegistry/REGISTRIES]: Registry minecraft:recipe_type Sync: VANILLA -> ACTIVE
[01Oct2026 17:29:19.294] [pool-4-thread-1/DEBUG] [net.minecraftforge.registries.ForgeRegistry/REGISTRIES]: Registry minecraft:recipe_serializer Sync: VANILLA -> ACTIVE
[01Oct2026 17:29:19.296] [pool-4-thread-1/DEBUG] [net.minecraftforge.registries.ForgeRegistry/REGISTRIES]: Registry minecraft:attribute Sync: VANILLA -> ACTIVE
[01Oct2026 17:29:19.296] [pool-4-thread-1/DEBUG] [net.minecraftforge.registries.ForgeRegistry/REGISTRIES]: Registry minecraft:stat_type Sync: VANILLA -> ACTIVE
[01Oct2026 17:29:19.296] [pool-4-thread-1/DEBUG] [net.minecraftforge.registries.ForgeRegistry/REGISTRIES]: Registry minecraft:command_argument_type Sync: VANILLA -> ACTIVE
[01Oct2026 17:29:19.296] [pool-4-thread-1/DEBUG] [net.minecraftforge.registries.ForgeRegistry/REGISTRIES]: Registry minecraft:villager_profession Sync: VANILLA -> ACTIVE
[01Oct2026 17:29:19.297] [pool-4-thread-1/DEBUG] [net.minecraftforge.registries.ForgeRegistry/REGISTRIES]: Registry minecraft:point_of_interest_type Sync: VANILLA -> ACTIVE
[01Oct2026 17:29:19.298] [pool-4-thread-1/DEBUG] [net.minecraftforge.registries.ForgeRegistry/REGISTRIES]: Registry minecraft:memory_module_type Sync: VANILLA -> ACTIVE
[01Oct2026 17:29:19.298] [pool-4-thread-1/DEBUG] [net.minecraftforge.registries.ForgeRegistry/REGISTRIES]: Registry minecraft:sensor_type Sync: VANILLA -> ACTIVE
[01Oct2026 17:29:19.299] [pool-4-thread-1/DEBUG] [net.minecraftforge.registries.ForgeRegistry/REGISTRIES]: Registry minecraft:schedule Sync: VANILLA -> ACTIVE
[01Oct2026 17:29:19.299] [pool-4-thread-1/DEBUG] [net.minecraftforge.registries.ForgeRegistry/REGISTRIES]: Registry minecraft:activity Sync: VANILLA -> ACTIVE
[01Oct2026 17:29:19.299] [pool-4-thread-1/DEBUG] [net.minecraftforge.registries.ForgeRegistry/REGISTRIES]: Registry minecraft:worldgen/carver Sync: VANILLA -> ACTIVE
[01Oct2026 17:29:19.299] [pool-4-thread-1/DEBUG] [net.minecraftforge.registries.ForgeRegistry/REGISTRIES]: Registry minecraft:worldgen/feature Sync: VANILLA -> ACTIVE
[01Oct2026 17:29:19.299] [pool-4-thread-1/DEBUG] [net.minecraftforge.registries.ForgeRegistry/REGISTRIES]: Registry minecraft:chunk_status Sync: VANILLA -> ACTIVE
[01Oct2026 17:29:19.300] [pool-4-thread-1/DEBUG] [net.minecraftforge.registries.ForgeRegistry/REGISTRIES]: Registry minecraft:worldgen/block_state_provider_type Sync: VANILLA -> ACTIVE
[01Oct2026 17:29:19.300] [pool-4-thread-1/DEBUG] [net.minecraftforge.registries.ForgeRegistry/REGISTRIES]: Registry minecraft:worldgen/foliage_placer_type Sync: VANILLA -> ACTIVE
[01Oct2026 17:29:19.300] [pool-4-thread-1/DEBUG] [net.minecraftforge.registries.ForgeRegistry/REGISTRIES]: Registry minecraft:worldgen/tree_decorator_type Sync: VANILLA -> ACTIVE
[01Oct2026 17:29:19.300] [pool-4-thread-1/DEBUG] [net.minecraftforge.registries.ForgeRegistry/REGISTRIES]: Registry minecraft:worldgen/biome Sync: VANILLA -> ACTIVE
[01Oct2026 17:29:19.305] [pool-4-thread-1/DEBUG] [net.minecraftforge.registries.GameData/REGISTRIES]: Vanilla freeze snapshot created
[01Oct2026 17:29:19.342] [pool-4-thread-1/DEBUG] [io.netty.util.internal.PlatformDependent0/]: -Dio.netty.noUnsafe: false
[01Oct2026 17:29:19.343] [pool-4-thread-1/DEBUG] [io.netty.util.internal.PlatformDependent0/]: Java version: 17
[01Oct2026 17:29:19.343] [pool-4-thread-1/DEBUG] [io.netty.util.internal.PlatformDependent0/]: sun.misc.Unsafe.theUnsafe: available
[01Oct2026 17:29:19.345] [pool-4-thread-1/DEBUG] [io.netty.util.internal.PlatformDependent0/]: sun.misc.Unsafe.copyMemory: available
[01Oct2026 17:29:19.345] [pool-4-thread-1/DEBUG] [io.netty.util.internal.PlatformDependent0/]: sun.misc.Unsafe.storeFence: available
[01Oct2026 17:29:19.346] [pool-4-thread-1/DEBUG] [io.netty.util.internal.PlatformDependent0/]: java.nio.Buffer.address: available
[01Oct2026 17:29:19.346] [pool-4-thread-1/DEBUG] [io.netty.util.internal.PlatformDependent0/]: direct buffer constructor: unavailable
java.lang.UnsupportedOperationException: Reflective setAccessible(true) disabled
	at io.netty.util.internal.ReflectionUtil.trySetAccessible(ReflectionUtil.java:31) ~[netty-common-4.1.82.Final.jar%23151!/:4.1.82.Final]
	at io.netty.util.internal.PlatformDependent0$5.run(PlatformDependent0.java:288) ~[netty-common-4.1.82.Final.jar%23151!/:4.1.82.Final]
	at java.security.AccessController.doPrivileged(AccessController.java:318) ~[?:?]
	at io.netty.util.internal.PlatformDependent0.<clinit>(PlatformDependent0.java:282) ~[netty-common-4.1.82.Final.jar%23151!/:4.1.82.Final]
	at io.netty.util.internal.PlatformDependent.isAndroid(PlatformDependent.java:333) ~[netty-common-4.1.82.Final.jar%23151!/:4.1.82.Final]
	at io.netty.util.internal.PlatformDependent.<clinit>(PlatformDependent.java:88) ~[netty-common-4.1.82.Final.jar%23151!/:4.1.82.Final]
	at io.netty.util.ConstantPool.<init>(ConstantPool.java:34) ~[netty-common-4.1.82.Final.jar%23151!/:4.1.82.Final]
	at io.netty.util.AttributeKey$1.<init>(AttributeKey.java:27) ~[netty-common-4.1.82.Final.jar%23151!/:4.1.82.Final]
	at io.netty.util.AttributeKey.<clinit>(AttributeKey.java:27) ~[netty-common-4.1.82.Final.jar%23151!/:4.1.82.Final]
	at net.minecraftforge.network.NetworkConstants.<clinit>(NetworkConstants.java:34) ~[forge-1.20.1-47.4.23_mapped_official_1.20.1-recomp.jar%23190%23197!/:?]
	at net.minecraftforge.network.NetworkHooks.init(NetworkHooks.java:52) ~[forge-1.20.1-47.4.23_mapped_official_1.20.1-recomp.jar%23190%23197!/:?]
	at net.minecraft.server.Bootstrap.bootStrap(Bootstrap.java:62) ~[forge-1.20.1-47.4.23_mapped_official_1.20.1-recomp.jar%23191!/:?]
	at net.minecraft.client.main.Main.lambda$main$0(Main.java:151) ~[forge-1.20.1-47.4.23_mapped_official_1.20.1-recomp.jar%23191!/:?]
	at java.util.concurrent.Executors$RunnableAdapter.call(Executors.java:539) ~[?:?]
	at java.util.concurrent.FutureTask.run(FutureTask.java:264) ~[?:?]
	at java.util.concurrent.ThreadPoolExecutor.runWorker(ThreadPoolExecutor.java:1136) ~[?:?]
	at java.util.concurrent.ThreadPoolExecutor$Worker.run(ThreadPoolExecutor.java:635) ~[?:?]
	at java.lang.Thread.run(Thread.java:840) ~[?:?]
[01Oct2026 17:29:19.349] [pool-4-thread-1/DEBUG] [io.netty.util.internal.PlatformDependent0/]: java.nio.Bits.unaligned: available, true
[01Oct2026 17:29:19.352] [pool-4-thread-1/DEBUG] [io.netty.util.internal.PlatformDependent0/]: jdk.internal.misc.Unsafe.allocateUninitializedArray(int): unavailable
java.lang.IllegalAccessException: class io.netty.util.internal.PlatformDependent0$7 (in module io.netty.common) cannot access class jdk.internal.misc.Unsafe (in module java.base) because module java.base does not export jdk.internal.misc to module io.netty.common
	at jdk.internal.reflect.Reflection.newIllegalAccessException(Reflection.java:392) ~[?:?]
	at java.lang.reflect.AccessibleObject.checkAccess(AccessibleObject.java:674) ~[?:?]
	at java.lang.reflect.Method.invoke(Method.java:561) ~[?:?]
	at io.netty.util.internal.PlatformDependent0$7.run(PlatformDependent0.java:410) ~[netty-common-4.1.82.Final.jar%23151!/:4.1.82.Final]
	at java.security.AccessController.doPrivileged(AccessController.java:318) ~[?:?]
	at io.netty.util.internal.PlatformDependent0.<clinit>(PlatformDependent0.java:401) ~[netty-common-4.1.82.Final.jar%23151!/:4.1.82.Final]
	at io.netty.util.internal.PlatformDependent.isAndroid(PlatformDependent.java:333) ~[netty-common-4.1.82.Final.jar%23151!/:4.1.82.Final]
	at io.netty.util.internal.PlatformDependent.<clinit>(PlatformDependent.java:88) ~[netty-common-4.1.82.Final.jar%23151!/:4.1.82.Final]
	at io.netty.util.ConstantPool.<init>(ConstantPool.java:34) ~[netty-common-4.1.82.Final.jar%23151!/:4.1.82.Final]
	at io.netty.util.AttributeKey$1.<init>(AttributeKey.java:27) ~[netty-common-4.1.82.Final.jar%23151!/:4.1.82.Final]
	at io.netty.util.AttributeKey.<clinit>(AttributeKey.java:27) ~[netty-common-4.1.82.Final.jar%23151!/:4.1.82.Final]
	at net.minecraftforge.network.NetworkConstants.<clinit>(NetworkConstants.java:34) ~[forge-1.20.1-47.4.23_mapped_official_1.20.1-recomp.jar%23190%23197!/:?]
	at net.minecraftforge.network.NetworkHooks.init(NetworkHooks.java:52) ~[forge-1.20.1-47.4.23_mapped_official_1.20.1-recomp.jar%23190%23197!/:?]
	at net.minecraft.server.Bootstrap.bootStrap(Bootstrap.java:62) ~[forge-1.20.1-47.4.23_mapped_official_1.20.1-recomp.jar%23191!/:?]
	at net.minecraft.client.main.Main.lambda$main$0(Main.java:151) ~[forge-1.20.1-47.4.23_mapped_official_1.20.1-recomp.jar%23191!/:?]
	at java.util.concurrent.Executors$RunnableAdapter.call(Executors.java:539) ~[?:?]
	at java.util.concurrent.FutureTask.run(FutureTask.java:264) ~[?:?]
	at java.util.concurrent.ThreadPoolExecutor.runWorker(ThreadPoolExecutor.java:1136) ~[?:?]
	at java.util.concurrent.ThreadPoolExecutor$Worker.run(ThreadPoolExecutor.java:635) ~[?:?]
	at java.lang.Thread.run(Thread.java:840) ~[?:?]
[01Oct2026 17:29:19.353] [pool-4-thread-1/DEBUG] [io.netty.util.internal.PlatformDependent0/]: java.nio.DirectByteBuffer.<init>(long, int): unavailable
[01Oct2026 17:29:19.353] [pool-4-thread-1/DEBUG] [io.netty.util.internal.PlatformDependent/]: sun.misc.Unsafe: available
[01Oct2026 17:29:19.355] [pool-4-thread-1/DEBUG] [io.netty.util.internal.PlatformDependent/]: maxDirectMemory: 17171480576 bytes (maybe)
[01Oct2026 17:29:19.355] [pool-4-thread-1/DEBUG] [io.netty.util.internal.PlatformDependent/]: -Dio.netty.tmpdir: C:\Users\Ethan\AppData\Local\Temp (java.io.tmpdir)
[01Oct2026 17:29:19.355] [pool-4-thread-1/DEBUG] [io.netty.util.internal.PlatformDependent/]: -Dio.netty.bitMode: 64 (sun.arch.data.model)
[01Oct2026 17:29:19.355] [pool-4-thread-1/DEBUG] [io.netty.util.internal.PlatformDependent/]: Platform: Windows
[01Oct2026 17:29:19.357] [pool-4-thread-1/DEBUG] [io.netty.util.internal.PlatformDependent/]: -Dio.netty.maxDirectMemory: -1 bytes
[01Oct2026 17:29:19.357] [pool-4-thread-1/DEBUG] [io.netty.util.internal.PlatformDependent/]: -Dio.netty.uninitializedArrayAllocationThreshold: -1
[01Oct2026 17:29:19.361] [pool-4-thread-1/DEBUG] [io.netty.util.internal.CleanerJava9/]: java.nio.ByteBuffer.cleaner(): available
[01Oct2026 17:29:19.361] [pool-4-thread-1/DEBUG] [io.netty.util.internal.PlatformDependent/]: -Dio.netty.noPreferDirect: false
[01Oct2026 17:29:19.451] [pool-4-thread-1/DEBUG] [net.minecraftforge.network.NetworkHooks/]: Loading Network data for FML net version: FML3
[01Oct2026 17:29:19.595] [Render thread/DEBUG] [mixin/]: Mixing ClientLevelMixin from colorful_lighting.mixins.json into net.minecraft.client.multiplayer.ClientLevel
[01Oct2026 17:29:19.596] [Render thread/DEBUG] [mixin/]: Mixing MixinClientLevel from architectury.mixins.json into net.minecraft.client.multiplayer.ClientLevel
[01Oct2026 17:29:19.618] [Render thread/DEBUG] [mixin/]: Mixing MixinLevelEvent from architectury.mixins.json into net.minecraftforge.event.level.LevelEvent
[01Oct2026 17:29:19.711] [Render thread/WARN] [net.minecraft.server.packs.VanillaPackResourcesBuilder/]: Assets URL 'union:/C:/Users/Ethan/.gradle/caches/forge_gradle/minecraft_user_repo/net/minecraftforge/forge/1.20.1-47.4.23_mapped_official_1.20.1/forge-1.20.1-47.4.23_mapped_official_1.20.1-recomp.jar%23191!/assets/.mcassetsroot' uses unexpected schema
[01Oct2026 17:29:19.711] [Render thread/WARN] [net.minecraft.server.packs.VanillaPackResourcesBuilder/]: Assets URL 'union:/C:/Users/Ethan/.gradle/caches/forge_gradle/minecraft_user_repo/net/minecraftforge/forge/1.20.1-47.4.23_mapped_official_1.20.1/forge-1.20.1-47.4.23_mapped_official_1.20.1-recomp.jar%23191!/data/.mcassetsroot' uses unexpected schema
[01Oct2026 17:29:19.728] [Render thread/INFO] [com.mojang.authlib.yggdrasil.YggdrasilAuthenticationService/]: Environment: authHost='https://authserver.mojang.com', accountsHost='https://api.mojang.com', sessionHost='https://sessionserver.mojang.com', servicesHost='https://api.minecraftservices.com', name='PROD'
[01Oct2026 17:29:19.734] [Render thread/INFO] [net.minecraft.client.Minecraft/]: Setting user: Dev
[01Oct2026 17:29:19.738] [Render thread/DEBUG] [mixin/]: Mixing OptionsMixin from fusion.mixins.json into net.minecraft.client.Options
[01Oct2026 17:29:19.816] [Render thread/INFO] [net.minecraft.client.Minecraft/]: Backend library: LWJGL version 3.3.1 build 7
[01Oct2026 17:29:19.865] [Render thread/DEBUG] [mixin/]: Mixing PathPackResourcesMixin from fusion.mixins.json into net.minecraft.server.packs.PathPackResources
[01Oct2026 17:29:19.866] [Render thread/DEBUG] [mixin/]: Renaming synthetic method lambda$modifyListResources$5(Ljava/util/Set;Lnet/minecraft/server/packs/PackResources$ResourceOutput;Lnet/minecraft/resources/ResourceLocation;Lnet/minecraft/server/packs/resources/IoSupplier;)V to mde9f58a$lambda$modifyListResources$5$0 in fusion.mixins.json:PathPackResourcesMixin
[01Oct2026 17:29:19.866] [Render thread/DEBUG] [mixin/]: Renaming synthetic method lambda$modifyListResources$4(Ljava/lang/String;Lcom/mojang/serialization/DataResult$PartialResult;)V to mde9f58a$lambda$modifyListResources$4$1 in fusion.mixins.json:PathPackResourcesMixin
[01Oct2026 17:29:19.866] [Render thread/DEBUG] [mixin/]: Renaming synthetic method lambda$modifyListResources$3(Lnet/minecraft/server/packs/PackType;Ljava/lang/String;Ljava/util/Set;Lnet/minecraft/server/packs/PackResources$ResourceOutput;Ljava/util/List;)V to mde9f58a$lambda$modifyListResources$3$2 in fusion.mixins.json:PathPackResourcesMixin
[01Oct2026 17:29:19.866] [Render thread/DEBUG] [mixin/]: Renaming synthetic method lambda$modifyListResources$2(Ljava/util/Set;Lnet/minecraft/server/packs/PackResources$ResourceOutput;Lnet/minecraft/resources/ResourceLocation;Lnet/minecraft/server/packs/resources/IoSupplier;)V to mde9f58a$lambda$modifyListResources$2$3 in fusion.mixins.json:PathPackResourcesMixin
[01Oct2026 17:29:19.866] [Render thread/DEBUG] [mixin/]: Renaming synthetic method lambda$getResource$1(Lcom/mojang/serialization/DataResult$PartialResult;)Lnet/minecraft/server/packs/resources/IoSupplier; to mde9f58a$lambda$getResource$1$4 in fusion.mixins.json:PathPackResourcesMixin
[01Oct2026 17:29:19.866] [Render thread/DEBUG] [mixin/]: Renaming synthetic method lambda$getResource$0(Ljava/nio/file/Path;Ljava/util/List;)Lnet/minecraft/server/packs/resources/IoSupplier; to mde9f58a$lambda$getResource$0$5 in fusion.mixins.json:PathPackResourcesMixin
[01Oct2026 17:29:20.007] [Render thread/DEBUG] [net.minecraftforge.common.ForgeI18n/CORE]: Loading I18N data entries: 6434
[01Oct2026 17:29:20.022] [Render thread/DEBUG] [net.minecraftforge.fml.ModWorkManager/LOADING]: Using 16 threads for parallel mod-loading
[01Oct2026 17:29:20.027] [Render thread/DEBUG] [net.minecraftforge.fml.javafmlmod.FMLJavaModLanguageProvider/LOADING]: Loading FMLModContainer from classloader cpw.mods.modlauncher.TransformingClassLoader@3a4ab7f7 - got cpw.mods.cl.ModuleClassLoader@22d1886d
[01Oct2026 17:29:20.028] [Render thread/DEBUG] [net.minecraftforge.fml.javafmlmod.FMLModContainer/LOADING]: Creating FMLModContainer instance for com.supermartijn642.fusion.Fusion
[01Oct2026 17:29:20.030] [Render thread/DEBUG] [net.minecraftforge.fml.javafmlmod.FMLJavaModLanguageProvider/LOADING]: Loading FMLModContainer from classloader cpw.mods.modlauncher.TransformingClassLoader@3a4ab7f7 - got cpw.mods.cl.ModuleClassLoader@22d1886d
[01Oct2026 17:29:20.030] [Render thread/DEBUG] [net.minecraftforge.fml.javafmlmod.FMLModContainer/LOADING]: Creating FMLModContainer instance for owmii.powah.forge.PowahForge
[01Oct2026 17:29:20.030] [Render thread/DEBUG] [net.minecraftforge.fml.javafmlmod.FMLJavaModLanguageProvider/LOADING]: Loading FMLModContainer from classloader cpw.mods.modlauncher.TransformingClassLoader@3a4ab7f7 - got cpw.mods.cl.ModuleClassLoader@22d1886d
[01Oct2026 17:29:20.030] [Render thread/DEBUG] [net.minecraftforge.fml.javafmlmod.FMLModContainer/LOADING]: Creating FMLModContainer instance for me.erykczy.colorfullighting.ColorfulLighting
[01Oct2026 17:29:20.032] [Render thread/DEBUG] [net.minecraftforge.fml.javafmlmod.FMLJavaModLanguageProvider/LOADING]: Loading FMLModContainer from classloader cpw.mods.modlauncher.TransformingClassLoader@3a4ab7f7 - got cpw.mods.cl.ModuleClassLoader@22d1886d
[01Oct2026 17:29:20.032] [Render thread/DEBUG] [net.minecraftforge.fml.javafmlmod.FMLModContainer/LOADING]: Creating FMLModContainer instance for me.shedaniel.clothconfig.ClothConfigForge
[01Oct2026 17:29:20.032] [Render thread/DEBUG] [net.minecraftforge.fml.javafmlmod.FMLJavaModLanguageProvider/LOADING]: Loading FMLModContainer from classloader cpw.mods.modlauncher.TransformingClassLoader@3a4ab7f7 - got cpw.mods.cl.ModuleClassLoader@22d1886d
[01Oct2026 17:29:20.032] [Render thread/DEBUG] [net.minecraftforge.fml.javafmlmod.FMLModContainer/LOADING]: Creating FMLModContainer instance for net.minecraftforge.common.ForgeMod
[01Oct2026 17:29:20.033] [Render thread/DEBUG] [net.minecraftforge.fml.javafmlmod.FMLJavaModLanguageProvider/LOADING]: Loading FMLModContainer from classloader cpw.mods.modlauncher.TransformingClassLoader@3a4ab7f7 - got cpw.mods.cl.ModuleClassLoader@22d1886d
[01Oct2026 17:29:20.033] [Render thread/DEBUG] [net.minecraftforge.fml.javafmlmod.FMLModContainer/LOADING]: Creating FMLModContainer instance for com.mystic.rgbdeco.RgbDeco
[01Oct2026 17:29:20.034] [Render thread/DEBUG] [net.minecraftforge.fml.javafmlmod.FMLJavaModLanguageProvider/LOADING]: Loading FMLModContainer from classloader cpw.mods.modlauncher.TransformingClassLoader@3a4ab7f7 - got cpw.mods.cl.ModuleClassLoader@22d1886d
[01Oct2026 17:29:20.034] [Render thread/DEBUG] [net.minecraftforge.fml.javafmlmod.FMLModContainer/LOADING]: Creating FMLModContainer instance for dev.architectury.forge.ArchitecturyForge
[01Oct2026 17:29:20.051] [modloading-worker-0/DEBUG] [net.minecraftforge.fml.javafmlmod.AutomaticEventSubscriber/LOADING]: Attempting to inject @EventBusSubscriber classes into the eventbus for cloth_config
[01Oct2026 17:29:20.083] [modloading-worker-0/DEBUG] [net.minecraftforge.versions.forge.ForgeVersion/CORE]: Forge Version package package net.minecraftforge.versions.forge, Forge, version 47.4 from cpw.mods.modlauncher.TransformingClassLoader@3a4ab7f7
[01Oct2026 17:29:20.083] [modloading-worker-0/DEBUG] [net.minecraftforge.versions.forge.ForgeVersion/CORE]: Found Forge version 47.4.23
[01Oct2026 17:29:20.083] [modloading-worker-0/DEBUG] [net.minecraftforge.versions.forge.ForgeVersion/CORE]: Found Forge spec 47.4
[01Oct2026 17:29:20.083] [modloading-worker-0/DEBUG] [net.minecraftforge.versions.forge.ForgeVersion/CORE]: Found Forge group net.minecraftforge
[01Oct2026 17:29:20.084] [modloading-worker-0/DEBUG] [net.minecraftforge.versions.mcp.MCPVersion/CORE]: MCP Version package package net.minecraftforge.versions.mcp, Minecraft, version 1.20.1 from cpw.mods.modlauncher.TransformingClassLoader@3a4ab7f7
[01Oct2026 17:29:20.084] [modloading-worker-0/DEBUG] [net.minecraftforge.versions.mcp.MCPVersion/CORE]: Found MC version information 1.20.1
[01Oct2026 17:29:20.084] [modloading-worker-0/DEBUG] [net.minecraftforge.versions.mcp.MCPVersion/CORE]: Found MCP version information 20230612.114412
[01Oct2026 17:29:20.084] [modloading-worker-0/INFO] [net.minecraftforge.common.ForgeMod/FORGEMOD]: Forge mod loading, version 47.4.23, for MC 1.20.1 with MCP 20230612.114412
[01Oct2026 17:29:20.084] [modloading-worker-0/INFO] [net.minecraftforge.common.MinecraftForge/FORGE]: MinecraftForge v47.4.23 Initialized
[01Oct2026 17:29:20.086] [modloading-worker-0/DEBUG] [net.minecraftforge.fml.config.ConfigTracker/CONFIG]: Config file colorful_lighting-client.toml for colorful_lighting tracking
[01Oct2026 17:29:20.105] [modloading-worker-0/DEBUG] [net.minecraftforge.fml.javafmlmod.AutomaticEventSubscriber/LOADING]: Attempting to inject @EventBusSubscriber classes into the eventbus for rgbdeco
[01Oct2026 17:29:20.110] [modloading-worker-0/DEBUG] [mixin/]: Mixing ItemModelGeneratorMixin from fusion.mixins.json into net.minecraft.client.renderer.block.model.ItemModelGenerator
[01Oct2026 17:29:20.113] [modloading-worker-0/DEBUG] [net.minecraftforge.fml.javafmlmod.AutomaticEventSubscriber/LOADING]: Auto-subscribing com.mystic.rgbdeco.client.ClientEvents to MOD
[01Oct2026 17:29:20.129] [modloading-worker-0/DEBUG] [mixin/]: Mixing MultiPlayerGameModeMixin from colorful_lighting.mixins.json into net.minecraft.client.multiplayer.MultiPlayerGameMode
[01Oct2026 17:29:20.150] [modloading-worker-0/DEBUG] [mixin/]: Mixing render.LevelRendererMixin from colorful_lighting.mixins.json into net.minecraft.client.renderer.LevelRenderer
[01Oct2026 17:29:20.203] [modloading-worker-0/DEBUG] [net.minecraftforge.fml.javafmlmod.AutomaticEventSubscriber/LOADING]: Attempting to inject @EventBusSubscriber classes into the eventbus for colorful_lighting
[01Oct2026 17:29:20.248] [modloading-worker-0/DEBUG] [net.minecraftforge.fml.config.ConfigTracker/CONFIG]: Config file forge-client.toml for forge tracking
[01Oct2026 17:29:20.248] [modloading-worker-0/DEBUG] [net.minecraftforge.fml.config.ConfigTracker/CONFIG]: Config file forge-server.toml for forge tracking
[01Oct2026 17:29:20.248] [modloading-worker-0/DEBUG] [net.minecraftforge.fml.ModLoadingContext/]: Attempted to register an empty config for type COMMON on mod forge
[01Oct2026 17:29:20.309] [modloading-worker-0/DEBUG] [net.minecraftforge.fml.javafmlmod.AutomaticEventSubscriber/LOADING]: Attempting to inject @EventBusSubscriber classes into the eventbus for forge
[01Oct2026 17:29:20.310] [modloading-worker-0/DEBUG] [net.minecraftforge.fml.javafmlmod.AutomaticEventSubscriber/LOADING]: Auto-subscribing net.minecraftforge.common.ForgeSpawnEggItem$CommonHandler to MOD
[01Oct2026 17:29:20.312] [modloading-worker-0/DEBUG] [net.minecraftforge.fml.javafmlmod.AutomaticEventSubscriber/LOADING]: Auto-subscribing net.minecraftforge.common.ForgeSpawnEggItem$ColorRegisterHandler to MOD
[01Oct2026 17:29:20.320] [modloading-worker-0/DEBUG] [net.minecraftforge.fml.javafmlmod.AutomaticEventSubscriber/LOADING]: Auto-subscribing net.minecraftforge.client.model.data.ModelDataManager to FORGE
[01Oct2026 17:29:20.324] [modloading-worker-0/DEBUG] [net.minecraftforge.fml.javafmlmod.AutomaticEventSubscriber/LOADING]: Auto-subscribing net.minecraftforge.client.ForgeHooksClient$ClientEvents to MOD
[01Oct2026 17:29:20.343] [modloading-worker-0/DEBUG] [net.minecraftforge.fml.javafmlmod.AutomaticEventSubscriber/LOADING]: Auto-subscribing net.minecraftforge.client.ClientForgeMod to MOD
[01Oct2026 17:29:20.362] [modloading-worker-0/DEBUG] [net.minecraftforge.fml.javafmlmod.AutomaticEventSubscriber/LOADING]: Attempting to inject @EventBusSubscriber classes into the eventbus for fusion
[01Oct2026 17:29:20.389] [modloading-worker-0/DEBUG] [net.minecraftforge.fml.javafmlmod.AutomaticEventSubscriber/LOADING]: Attempting to inject @EventBusSubscriber classes into the eventbus for architectury
[01Oct2026 17:29:20.389] [modloading-worker-0/DEBUG] [net.minecraftforge.fml.javafmlmod.AutomaticEventSubscriber/LOADING]: Auto-subscribing dev.architectury.registry.level.entity.trade.forge.TradeRegistryImpl to FORGE
[01Oct2026 17:29:20.392] [modloading-worker-0/DEBUG] [net.minecraftforge.fml.javafmlmod.AutomaticEventSubscriber/LOADING]: Auto-subscribing dev.architectury.registry.forge.ReloadListenerRegistryImpl to FORGE
[01Oct2026 17:29:20.395] [modloading-worker-0/DEBUG] [net.minecraftforge.fml.javafmlmod.AutomaticEventSubscriber/LOADING]: Auto-subscribing dev.architectury.registry.forge.CreativeTabRegistryImpl to MOD
[01Oct2026 17:29:20.407] [modloading-worker-0/DEBUG] [net.minecraftforge.fml.javafmlmod.AutomaticEventSubscriber/LOADING]: Auto-subscribing dev.architectury.registry.client.particle.forge.ParticleProviderRegistryImpl to MOD
[01Oct2026 17:29:20.420] [modloading-worker-0/DEBUG] [net.minecraftforge.fml.javafmlmod.AutomaticEventSubscriber/LOADING]: Auto-subscribing dev.architectury.registry.client.keymappings.forge.KeyMappingRegistryImpl to MOD
[01Oct2026 17:29:20.424] [modloading-worker-0/DEBUG] [net.minecraftforge.fml.javafmlmod.AutomaticEventSubscriber/LOADING]: Auto-subscribing dev.architectury.networking.forge.NetworkManagerImpl to FORGE
[01Oct2026 17:29:20.435] [modloading-worker-0/INFO] [dev.architectury.networking.forge.NetworkManagerImpl/]: Registering S2C receiver with id architectury:sync_ids
[01Oct2026 17:29:20.438] [modloading-worker-0/INFO] [dev.architectury.networking.forge.NetworkManagerImpl/]: Registering C2S receiver with id architectury:sync_ids
[01Oct2026 17:29:20.458] [modloading-worker-0/INFO] [dev.architectury.networking.forge.NetworkManagerImpl/]: Registering C2S receiver with id powah:packet
[01Oct2026 17:29:20.480] [modloading-worker-0/DEBUG] [mixin/]: Mixing EntityRendererMixin from fusion.mixins.json into net.minecraft.client.renderer.entity.EntityRenderer
[01Oct2026 17:29:20.481] [modloading-worker-0/DEBUG] [mixin/]: Mixing render.EntityRendererMixin from colorful_lighting.mixins.json into net.minecraft.client.renderer.entity.EntityRenderer
[01Oct2026 17:29:20.520] [modloading-worker-0/DEBUG] [net.minecraftforge.fml.javafmlmod.AutomaticEventSubscriber/LOADING]: Attempting to inject @EventBusSubscriber classes into the eventbus for powah
[01Oct2026 17:29:20.557] [Render thread/DEBUG] [net.minecraftforge.registries.ObjectHolderRegistry/REGISTRIES]: Processing ObjectHolder annotations
[01Oct2026 17:29:20.587] [Render thread/DEBUG] [net.minecraftforge.registries.ObjectHolderRegistry/REGISTRIES]: Found 3854 ObjectHolder annotations
[01Oct2026 17:29:20.595] [Render thread/DEBUG] [net.minecraftforge.common.capabilities.CapabilityManager/CAPABILITIES]: Attempting to automatically register: Lnet/minecraftforge/energy/IEnergyStorage;
[01Oct2026 17:29:20.596] [Render thread/DEBUG] [net.minecraftforge.common.capabilities.CapabilityManager/CAPABILITIES]: Attempting to automatically register: Lnet/minecraftforge/fluids/capability/IFluidHandler;
[01Oct2026 17:29:20.596] [Render thread/DEBUG] [net.minecraftforge.common.capabilities.CapabilityManager/CAPABILITIES]: Attempting to automatically register: Lnet/minecraftforge/fluids/capability/IFluidHandlerItem;
[01Oct2026 17:29:20.596] [Render thread/DEBUG] [net.minecraftforge.common.capabilities.CapabilityManager/CAPABILITIES]: Attempting to automatically register: Lnet/minecraftforge/items/IItemHandler;
[01Oct2026 17:29:20.598] [Render thread/DEBUG] [net.minecraftforge.registries.GameData/REGISTRIES]: Unfreezing vanilla registries
[01Oct2026 17:29:20.607] [Render thread/DEBUG] [net.minecraftforge.registries.GameData/REGISTRIES]: Applying holder lookups: minecraft:sound_event
[01Oct2026 17:29:20.611] [Render thread/DEBUG] [net.minecraftforge.registries.GameData/REGISTRIES]: Holder lookups applied: minecraft:sound_event
[01Oct2026 17:29:20.612] [Render thread/DEBUG] [net.minecraftforge.registries.GameData/REGISTRIES]: Applying holder lookups: minecraft:fluid
[01Oct2026 17:29:20.612] [Render thread/DEBUG] [net.minecraftforge.registries.GameData/REGISTRIES]: Holder lookups applied: minecraft:fluid
[01Oct2026 17:29:20.693] [Render thread/DEBUG] [net.minecraftforge.registries.GameData/REGISTRIES]: Applying holder lookups: minecraft:block
[01Oct2026 17:29:20.694] [Render thread/DEBUG] [net.minecraftforge.registries.GameData/REGISTRIES]: Holder lookups applied: minecraft:block
[01Oct2026 17:29:20.694] [Render thread/DEBUG] [net.minecraftforge.registries.GameData/REGISTRIES]: Applying holder lookups: minecraft:attribute
[01Oct2026 17:29:20.694] [Render thread/DEBUG] [net.minecraftforge.registries.GameData/REGISTRIES]: Holder lookups applied: minecraft:attribute
[01Oct2026 17:29:20.694] [Render thread/DEBUG] [net.minecraftforge.registries.GameData/REGISTRIES]: Applying holder lookups: minecraft:mob_effect
[01Oct2026 17:29:20.696] [Render thread/DEBUG] [net.minecraftforge.registries.GameData/REGISTRIES]: Holder lookups applied: minecraft:mob_effect
[01Oct2026 17:29:20.696] [Render thread/DEBUG] [net.minecraftforge.registries.GameData/REGISTRIES]: Applying holder lookups: minecraft:particle_type
[01Oct2026 17:29:20.696] [Render thread/DEBUG] [net.minecraftforge.registries.GameData/REGISTRIES]: Holder lookups applied: minecraft:particle_type
[01Oct2026 17:29:20.724] [Render thread/DEBUG] [net.minecraftforge.registries.GameData/REGISTRIES]: Applying holder lookups: minecraft:item
[01Oct2026 17:29:20.725] [Render thread/DEBUG] [net.minecraftforge.registries.GameData/REGISTRIES]: Holder lookups applied: minecraft:item
[01Oct2026 17:29:20.726] [Render thread/DEBUG] [net.minecraftforge.registries.GameData/REGISTRIES]: Applying holder lookups: minecraft:entity_type
[01Oct2026 17:29:20.728] [Render thread/DEBUG] [net.minecraftforge.registries.GameData/REGISTRIES]: Holder lookups applied: minecraft:entity_type
[01Oct2026 17:29:20.728] [Render thread/DEBUG] [net.minecraftforge.registries.GameData/REGISTRIES]: Applying holder lookups: minecraft:sensor_type
[01Oct2026 17:29:20.728] [Render thread/DEBUG] [net.minecraftforge.registries.GameData/REGISTRIES]: Holder lookups applied: minecraft:sensor_type
[01Oct2026 17:29:20.728] [Render thread/DEBUG] [net.minecraftforge.registries.GameData/REGISTRIES]: Applying holder lookups: minecraft:memory_module_type
[01Oct2026 17:29:20.729] [Render thread/DEBUG] [net.minecraftforge.registries.GameData/REGISTRIES]: Holder lookups applied: minecraft:memory_module_type
[01Oct2026 17:29:20.729] [Render thread/DEBUG] [net.minecraftforge.registries.GameData/REGISTRIES]: Applying holder lookups: minecraft:potion
[01Oct2026 17:29:20.729] [Render thread/DEBUG] [net.minecraftforge.registries.GameData/REGISTRIES]: Holder lookups applied: minecraft:potion
[01Oct2026 17:29:20.730] [Render thread/DEBUG] [net.minecraftforge.registries.GameData/REGISTRIES]: Applying holder lookups: minecraft:game_event
[01Oct2026 17:29:20.730] [Render thread/DEBUG] [net.minecraftforge.registries.GameData/REGISTRIES]: Holder lookups applied: minecraft:game_event
[01Oct2026 17:29:20.730] [Render thread/DEBUG] [net.minecraftforge.registries.GameData/REGISTRIES]: Applying holder lookups: minecraft:enchantment
[01Oct2026 17:29:20.730] [Render thread/DEBUG] [net.minecraftforge.registries.GameData/REGISTRIES]: Holder lookups applied: minecraft:enchantment
[01Oct2026 17:29:20.734] [Render thread/DEBUG] [net.minecraftforge.registries.GameData/REGISTRIES]: Applying holder lookups: minecraft:block_entity_type
[01Oct2026 17:29:20.735] [Render thread/DEBUG] [net.minecraftforge.registries.GameData/REGISTRIES]: Holder lookups applied: minecraft:block_entity_type
[01Oct2026 17:29:20.735] [Render thread/DEBUG] [net.minecraftforge.registries.GameData/REGISTRIES]: Applying holder lookups: minecraft:painting_variant
[01Oct2026 17:29:20.735] [Render thread/DEBUG] [net.minecraftforge.registries.GameData/REGISTRIES]: Holder lookups applied: minecraft:painting_variant
[01Oct2026 17:29:20.736] [Render thread/DEBUG] [net.minecraftforge.registries.GameData/REGISTRIES]: Applying holder lookups: minecraft:stat_type
[01Oct2026 17:29:20.736] [Render thread/DEBUG] [net.minecraftforge.registries.GameData/REGISTRIES]: Holder lookups applied: minecraft:stat_type
[01Oct2026 17:29:20.736] [Render thread/DEBUG] [net.minecraftforge.registries.GameData/REGISTRIES]: Applying holder lookups: minecraft:custom_stat
[01Oct2026 17:29:20.736] [Render thread/DEBUG] [net.minecraftforge.registries.GameData/REGISTRIES]: Holder lookups applied: minecraft:custom_stat
[01Oct2026 17:29:20.736] [Render thread/DEBUG] [net.minecraftforge.registries.GameData/REGISTRIES]: Applying holder lookups: minecraft:chunk_status
[01Oct2026 17:29:20.736] [Render thread/DEBUG] [net.minecraftforge.registries.GameData/REGISTRIES]: Holder lookups applied: minecraft:chunk_status
[01Oct2026 17:29:20.737] [Render thread/DEBUG] [net.minecraftforge.registries.GameData/REGISTRIES]: Applying holder lookups: minecraft:rule_test
[01Oct2026 17:29:20.737] [Render thread/DEBUG] [net.minecraftforge.registries.GameData/REGISTRIES]: Holder lookups applied: minecraft:rule_test
[01Oct2026 17:29:20.737] [Render thread/DEBUG] [net.minecraftforge.registries.GameData/REGISTRIES]: Applying holder lookups: minecraft:rule_block_entity_modifier
[01Oct2026 17:29:20.737] [Render thread/DEBUG] [net.minecraftforge.registries.GameData/REGISTRIES]: Holder lookups applied: minecraft:rule_block_entity_modifier
[01Oct2026 17:29:20.737] [Render thread/DEBUG] [net.minecraftforge.registries.GameData/REGISTRIES]: Applying holder lookups: minecraft:pos_rule_test
[01Oct2026 17:29:20.737] [Render thread/DEBUG] [net.minecraftforge.registries.GameData/REGISTRIES]: Holder lookups applied: minecraft:pos_rule_test
[01Oct2026 17:29:20.750] [Render thread/DEBUG] [net.minecraftforge.registries.GameData/REGISTRIES]: Applying holder lookups: minecraft:menu
[01Oct2026 17:29:20.751] [Render thread/DEBUG] [net.minecraftforge.registries.GameData/REGISTRIES]: Holder lookups applied: minecraft:menu
[01Oct2026 17:29:20.753] [Render thread/DEBUG] [net.minecraftforge.registries.GameData/REGISTRIES]: Applying holder lookups: minecraft:recipe_type
[01Oct2026 17:29:20.753] [Render thread/DEBUG] [net.minecraftforge.registries.GameData/REGISTRIES]: Holder lookups applied: minecraft:recipe_type
[01Oct2026 17:29:20.775] [Render thread/DEBUG] [net.minecraftforge.registries.GameData/REGISTRIES]: Applying holder lookups: minecraft:recipe_serializer
[01Oct2026 17:29:20.775] [Render thread/DEBUG] [net.minecraftforge.registries.GameData/REGISTRIES]: Holder lookups applied: minecraft:recipe_serializer
[01Oct2026 17:29:20.775] [Render thread/DEBUG] [net.minecraftforge.registries.GameData/REGISTRIES]: Applying holder lookups: minecraft:position_source_type
[01Oct2026 17:29:20.777] [Render thread/DEBUG] [net.minecraftforge.registries.GameData/REGISTRIES]: Holder lookups applied: minecraft:position_source_type
[01Oct2026 17:29:20.778] [Render thread/DEBUG] [net.minecraftforge.registries.GameData/REGISTRIES]: Applying holder lookups: minecraft:command_argument_type
[01Oct2026 17:29:20.778] [Render thread/DEBUG] [net.minecraftforge.registries.GameData/REGISTRIES]: Holder lookups applied: minecraft:command_argument_type
[01Oct2026 17:29:20.778] [Render thread/DEBUG] [net.minecraftforge.registries.GameData/REGISTRIES]: Applying holder lookups: minecraft:villager_type
[01Oct2026 17:29:20.778] [Render thread/DEBUG] [net.minecraftforge.registries.GameData/REGISTRIES]: Holder lookups applied: minecraft:villager_type
[01Oct2026 17:29:20.778] [Render thread/DEBUG] [net.minecraftforge.registries.GameData/REGISTRIES]: Applying holder lookups: minecraft:villager_profession
[01Oct2026 17:29:20.780] [Render thread/DEBUG] [net.minecraftforge.registries.GameData/REGISTRIES]: Holder lookups applied: minecraft:villager_profession
[01Oct2026 17:29:20.780] [Render thread/DEBUG] [net.minecraftforge.registries.GameData/REGISTRIES]: Applying holder lookups: minecraft:point_of_interest_type
[01Oct2026 17:29:20.780] [Render thread/DEBUG] [net.minecraftforge.registries.GameData/REGISTRIES]: Holder lookups applied: minecraft:point_of_interest_type
[01Oct2026 17:29:20.780] [Render thread/DEBUG] [net.minecraftforge.registries.GameData/REGISTRIES]: Applying holder lookups: minecraft:schedule
[01Oct2026 17:29:20.780] [Render thread/DEBUG] [net.minecraftforge.registries.GameData/REGISTRIES]: Holder lookups applied: minecraft:schedule
[01Oct2026 17:29:20.780] [Render thread/DEBUG] [net.minecraftforge.registries.GameData/REGISTRIES]: Applying holder lookups: minecraft:activity
[01Oct2026 17:29:20.780] [Render thread/DEBUG] [net.minecraftforge.registries.GameData/REGISTRIES]: Holder lookups applied: minecraft:activity
[01Oct2026 17:29:20.780] [Render thread/DEBUG] [net.minecraftforge.registries.GameData/REGISTRIES]: Applying holder lookups: minecraft:loot_pool_entry_type
[01Oct2026 17:29:20.780] [Render thread/DEBUG] [net.minecraftforge.registries.GameData/REGISTRIES]: Holder lookups applied: minecraft:loot_pool_entry_type
[01Oct2026 17:29:20.780] [Render thread/DEBUG] [net.minecraftforge.registries.GameData/REGISTRIES]: Applying holder lookups: minecraft:loot_function_type
[01Oct2026 17:29:20.782] [Render thread/DEBUG] [net.minecraftforge.registries.GameData/REGISTRIES]: Holder lookups applied: minecraft:loot_function_type
[01Oct2026 17:29:20.783] [Render thread/DEBUG] [net.minecraftforge.registries.GameData/REGISTRIES]: Applying holder lookups: minecraft:loot_condition_type
[01Oct2026 17:29:20.785] [Render thread/DEBUG] [net.minecraftforge.registries.GameData/REGISTRIES]: Holder lookups applied: minecraft:loot_condition_type
[01Oct2026 17:29:20.785] [Render thread/DEBUG] [net.minecraftforge.registries.GameData/REGISTRIES]: Applying holder lookups: minecraft:loot_number_provider_type
[01Oct2026 17:29:20.785] [Render thread/DEBUG] [net.minecraftforge.registries.GameData/REGISTRIES]: Holder lookups applied: minecraft:loot_number_provider_type
[01Oct2026 17:29:20.785] [Render thread/DEBUG] [net.minecraftforge.registries.GameData/REGISTRIES]: Applying holder lookups: minecraft:loot_nbt_provider_type
[01Oct2026 17:29:20.785] [Render thread/DEBUG] [net.minecraftforge.registries.GameData/REGISTRIES]: Holder lookups applied: minecraft:loot_nbt_provider_type
[01Oct2026 17:29:20.785] [Render thread/DEBUG] [net.minecraftforge.registries.GameData/REGISTRIES]: Applying holder lookups: minecraft:loot_score_provider_type
[01Oct2026 17:29:20.785] [Render thread/DEBUG] [net.minecraftforge.registries.GameData/REGISTRIES]: Holder lookups applied: minecraft:loot_score_provider_type
[01Oct2026 17:29:20.785] [Render thread/DEBUG] [net.minecraftforge.registries.GameData/REGISTRIES]: Applying holder lookups: minecraft:float_provider_type
[01Oct2026 17:29:20.785] [Render thread/DEBUG] [net.minecraftforge.registries.GameData/REGISTRIES]: Holder lookups applied: minecraft:float_provider_type
[01Oct2026 17:29:20.785] [Render thread/DEBUG] [net.minecraftforge.registries.GameData/REGISTRIES]: Applying holder lookups: minecraft:int_provider_type
[01Oct2026 17:29:20.785] [Render thread/DEBUG] [net.minecraftforge.registries.GameData/REGISTRIES]: Holder lookups applied: minecraft:int_provider_type
[01Oct2026 17:29:20.785] [Render thread/DEBUG] [net.minecraftforge.registries.GameData/REGISTRIES]: Applying holder lookups: minecraft:height_provider_type
[01Oct2026 17:29:20.786] [Render thread/DEBUG] [net.minecraftforge.registries.GameData/REGISTRIES]: Holder lookups applied: minecraft:height_provider_type
[01Oct2026 17:29:20.786] [Render thread/DEBUG] [net.minecraftforge.registries.GameData/REGISTRIES]: Applying holder lookups: minecraft:block_predicate_type
[01Oct2026 17:29:20.786] [Render thread/DEBUG] [net.minecraftforge.registries.GameData/REGISTRIES]: Holder lookups applied: minecraft:block_predicate_type
[01Oct2026 17:29:20.786] [Render thread/DEBUG] [net.minecraftforge.registries.GameData/REGISTRIES]: Applying holder lookups: minecraft:worldgen/carver
[01Oct2026 17:29:20.786] [Render thread/DEBUG] [net.minecraftforge.registries.GameData/REGISTRIES]: Holder lookups applied: minecraft:worldgen/carver
[01Oct2026 17:29:20.786] [Render thread/DEBUG] [net.minecraftforge.registries.GameData/REGISTRIES]: Applying holder lookups: minecraft:worldgen/feature
[01Oct2026 17:29:20.786] [Render thread/DEBUG] [net.minecraftforge.registries.GameData/REGISTRIES]: Holder lookups applied: minecraft:worldgen/feature
[01Oct2026 17:29:20.786] [Render thread/DEBUG] [net.minecraftforge.registries.GameData/REGISTRIES]: Applying holder lookups: minecraft:worldgen/structure_processor
[01Oct2026 17:29:20.787] [Render thread/DEBUG] [net.minecraftforge.registries.GameData/REGISTRIES]: Holder lookups applied: minecraft:worldgen/structure_processor
[01Oct2026 17:29:20.787] [Render thread/DEBUG] [net.minecraftforge.registries.GameData/REGISTRIES]: Applying holder lookups: minecraft:worldgen/structure_placement
[01Oct2026 17:29:20.787] [Render thread/DEBUG] [net.minecraftforge.registries.GameData/REGISTRIES]: Holder lookups applied: minecraft:worldgen/structure_placement
[01Oct2026 17:29:20.787] [Render thread/DEBUG] [net.minecraftforge.registries.GameData/REGISTRIES]: Applying holder lookups: minecraft:worldgen/structure_piece
[01Oct2026 17:29:20.788] [Render thread/DEBUG] [net.minecraftforge.registries.GameData/REGISTRIES]: Holder lookups applied: minecraft:worldgen/structure_piece
[01Oct2026 17:29:20.788] [Render thread/DEBUG] [net.minecraftforge.registries.GameData/REGISTRIES]: Applying holder lookups: minecraft:worldgen/structure_type
[01Oct2026 17:29:20.788] [Render thread/DEBUG] [net.minecraftforge.registries.GameData/REGISTRIES]: Holder lookups applied: minecraft:worldgen/structure_type
[01Oct2026 17:29:20.788] [Render thread/DEBUG] [net.minecraftforge.registries.GameData/REGISTRIES]: Applying holder lookups: minecraft:worldgen/placement_modifier_type
[01Oct2026 17:29:20.788] [Render thread/DEBUG] [net.minecraftforge.registries.GameData/REGISTRIES]: Holder lookups applied: minecraft:worldgen/placement_modifier_type
[01Oct2026 17:29:20.788] [Render thread/DEBUG] [net.minecraftforge.registries.GameData/REGISTRIES]: Applying holder lookups: minecraft:worldgen/block_state_provider_type
[01Oct2026 17:29:20.788] [Render thread/DEBUG] [net.minecraftforge.registries.GameData/REGISTRIES]: Holder lookups applied: minecraft:worldgen/block_state_provider_type
[01Oct2026 17:29:20.788] [Render thread/DEBUG] [net.minecraftforge.registries.GameData/REGISTRIES]: Applying holder lookups: minecraft:worldgen/foliage_placer_type
[01Oct2026 17:29:20.788] [Render thread/DEBUG] [net.minecraftforge.registries.GameData/REGISTRIES]: Holder lookups applied: minecraft:worldgen/foliage_placer_type
[01Oct2026 17:29:20.788] [Render thread/DEBUG] [net.minecraftforge.registries.GameData/REGISTRIES]: Applying holder lookups: minecraft:worldgen/trunk_placer_type
[01Oct2026 17:29:20.788] [Render thread/DEBUG] [net.minecraftforge.registries.GameData/REGISTRIES]: Holder lookups applied: minecraft:worldgen/trunk_placer_type
[01Oct2026 17:29:20.788] [Render thread/DEBUG] [net.minecraftforge.registries.GameData/REGISTRIES]: Applying holder lookups: minecraft:worldgen/root_placer_type
[01Oct2026 17:29:20.789] [Render thread/DEBUG] [net.minecraftforge.registries.GameData/REGISTRIES]: Holder lookups applied: minecraft:worldgen/root_placer_type
[01Oct2026 17:29:20.789] [Render thread/DEBUG] [net.minecraftforge.registries.GameData/REGISTRIES]: Applying holder lookups: minecraft:worldgen/tree_decorator_type
[01Oct2026 17:29:20.789] [Render thread/DEBUG] [net.minecraftforge.registries.GameData/REGISTRIES]: Holder lookups applied: minecraft:worldgen/tree_decorator_type
[01Oct2026 17:29:20.789] [Render thread/DEBUG] [net.minecraftforge.registries.GameData/REGISTRIES]: Applying holder lookups: minecraft:worldgen/feature_size_type
[01Oct2026 17:29:20.790] [Render thread/DEBUG] [net.minecraftforge.registries.GameData/REGISTRIES]: Holder lookups applied: minecraft:worldgen/feature_size_type
[01Oct2026 17:29:20.790] [Render thread/DEBUG] [net.minecraftforge.registries.GameData/REGISTRIES]: Applying holder lookups: minecraft:worldgen/biome_source
[01Oct2026 17:29:20.790] [Render thread/DEBUG] [net.minecraftforge.registries.GameData/REGISTRIES]: Holder lookups applied: minecraft:worldgen/biome_source
[01Oct2026 17:29:20.790] [Render thread/DEBUG] [net.minecraftforge.registries.GameData/REGISTRIES]: Applying holder lookups: minecraft:worldgen/chunk_generator
[01Oct2026 17:29:20.790] [Render thread/DEBUG] [net.minecraftforge.registries.GameData/REGISTRIES]: Holder lookups applied: minecraft:worldgen/chunk_generator
[01Oct2026 17:29:20.790] [Render thread/DEBUG] [net.minecraftforge.registries.GameData/REGISTRIES]: Applying holder lookups: minecraft:worldgen/material_condition
[01Oct2026 17:29:20.790] [Render thread/DEBUG] [net.minecraftforge.registries.GameData/REGISTRIES]: Holder lookups applied: minecraft:worldgen/material_condition
[01Oct2026 17:29:20.790] [Render thread/DEBUG] [net.minecraftforge.registries.GameData/REGISTRIES]: Applying holder lookups: minecraft:worldgen/material_rule
[01Oct2026 17:29:20.791] [Render thread/DEBUG] [net.minecraftforge.registries.GameData/REGISTRIES]: Holder lookups applied: minecraft:worldgen/material_rule
[01Oct2026 17:29:20.791] [Render thread/DEBUG] [net.minecraftforge.registries.GameData/REGISTRIES]: Applying holder lookups: minecraft:worldgen/density_function_type
[01Oct2026 17:29:20.791] [Render thread/DEBUG] [net.minecraftforge.registries.GameData/REGISTRIES]: Holder lookups applied: minecraft:worldgen/density_function_type
[01Oct2026 17:29:20.791] [Render thread/DEBUG] [net.minecraftforge.registries.GameData/REGISTRIES]: Applying holder lookups: minecraft:worldgen/structure_pool_element
[01Oct2026 17:29:20.791] [Render thread/DEBUG] [net.minecraftforge.registries.GameData/REGISTRIES]: Holder lookups applied: minecraft:worldgen/structure_pool_element
[01Oct2026 17:29:20.791] [Render thread/DEBUG] [net.minecraftforge.registries.GameData/REGISTRIES]: Applying holder lookups: minecraft:cat_variant
[01Oct2026 17:29:20.791] [Render thread/DEBUG] [net.minecraftforge.registries.GameData/REGISTRIES]: Holder lookups applied: minecraft:cat_variant
[01Oct2026 17:29:20.791] [Render thread/DEBUG] [net.minecraftforge.registries.GameData/REGISTRIES]: Applying holder lookups: minecraft:frog_variant
[01Oct2026 17:29:20.791] [Render thread/DEBUG] [net.minecraftforge.registries.GameData/REGISTRIES]: Holder lookups applied: minecraft:frog_variant
[01Oct2026 17:29:20.791] [Render thread/DEBUG] [net.minecraftforge.registries.GameData/REGISTRIES]: Applying holder lookups: minecraft:banner_pattern
[01Oct2026 17:29:20.791] [Render thread/DEBUG] [net.minecraftforge.registries.GameData/REGISTRIES]: Holder lookups applied: minecraft:banner_pattern
[01Oct2026 17:29:20.793] [Render thread/DEBUG] [net.minecraftforge.registries.GameData/REGISTRIES]: Applying holder lookups: minecraft:instrument
[01Oct2026 17:29:20.793] [Render thread/DEBUG] [net.minecraftforge.registries.GameData/REGISTRIES]: Holder lookups applied: minecraft:instrument
[01Oct2026 17:29:20.793] [Render thread/DEBUG] [net.minecraftforge.registries.GameData/REGISTRIES]: Applying holder lookups: minecraft:decorated_pot_patterns
[01Oct2026 17:29:20.793] [Render thread/DEBUG] [net.minecraftforge.registries.GameData/REGISTRIES]: Holder lookups applied: minecraft:decorated_pot_patterns
[01Oct2026 17:29:20.794] [Render thread/DEBUG] [net.minecraftforge.registries.GameData/REGISTRIES]: Applying holder lookups: minecraft:creative_mode_tab
[01Oct2026 17:29:20.794] [Render thread/DEBUG] [net.minecraftforge.registries.GameData/REGISTRIES]: Holder lookups applied: minecraft:creative_mode_tab
[01Oct2026 17:29:20.803] [Render thread/DEBUG] [net.minecraftforge.registries.GameData/REGISTRIES]: Applying holder lookups: forge:biome_modifier_serializers
[01Oct2026 17:29:20.804] [Render thread/DEBUG] [net.minecraftforge.registries.GameData/REGISTRIES]: Holder lookups applied: forge:biome_modifier_serializers
[01Oct2026 17:29:20.804] [Render thread/DEBUG] [net.minecraftforge.registries.GameData/REGISTRIES]: Applying holder lookups: forge:display_contexts
[01Oct2026 17:29:20.806] [Render thread/DEBUG] [net.minecraftforge.registries.GameData/REGISTRIES]: Holder lookups applied: forge:display_contexts
[01Oct2026 17:29:20.806] [Render thread/DEBUG] [net.minecraftforge.registries.GameData/REGISTRIES]: Applying holder lookups: forge:entity_data_serializers
[01Oct2026 17:29:20.806] [Render thread/DEBUG] [net.minecraftforge.registries.GameData/REGISTRIES]: Holder lookups applied: forge:entity_data_serializers
[01Oct2026 17:29:20.812] [Render thread/DEBUG] [net.minecraftforge.registries.GameData/REGISTRIES]: Applying holder lookups: forge:fluid_type
[01Oct2026 17:29:20.813] [Render thread/DEBUG] [net.minecraftforge.registries.GameData/REGISTRIES]: Holder lookups applied: forge:fluid_type
[01Oct2026 17:29:20.813] [Render thread/DEBUG] [net.minecraftforge.registries.GameData/REGISTRIES]: Applying holder lookups: forge:global_loot_modifier_serializers
[01Oct2026 17:29:20.813] [Render thread/DEBUG] [net.minecraftforge.registries.GameData/REGISTRIES]: Holder lookups applied: forge:global_loot_modifier_serializers
[01Oct2026 17:29:20.817] [Render thread/DEBUG] [net.minecraftforge.registries.GameData/REGISTRIES]: Applying holder lookups: forge:holder_set_type
[01Oct2026 17:29:20.817] [Render thread/DEBUG] [net.minecraftforge.registries.GameData/REGISTRIES]: Holder lookups applied: forge:holder_set_type
[01Oct2026 17:29:20.817] [Render thread/DEBUG] [net.minecraftforge.registries.GameData/REGISTRIES]: Applying holder lookups: forge:structure_modifier_serializers
[01Oct2026 17:29:20.818] [Render thread/DEBUG] [net.minecraftforge.registries.GameData/REGISTRIES]: Holder lookups applied: forge:structure_modifier_serializers
[01Oct2026 17:29:20.818] [Render thread/DEBUG] [net.minecraftforge.registries.GameData/REGISTRIES]: Applying holder lookups: minecraft:worldgen/biome
[01Oct2026 17:29:20.818] [Render thread/DEBUG] [net.minecraftforge.registries.GameData/REGISTRIES]: Holder lookups applied: minecraft:worldgen/biome
[01Oct2026 17:29:20.885] [Render thread/DEBUG] [mixin/]: Mixing forge.ResourcePackLoaderMixin from fusion.mixins.json into net.minecraftforge.resource.ResourcePackLoader
[01Oct2026 17:29:20.893] [Render thread/DEBUG] [mixin/]: Mixing forge.ForgePathPackResourcesMixin from fusion.mixins.json into net.minecraftforge.resource.PathPackResources
[01Oct2026 17:29:20.893] [Render thread/DEBUG] [mixin/]: Renaming synthetic method lambda$modifyListResources$7(Ljava/util/Set;Lnet/minecraft/server/packs/PackResources$ResourceOutput;Lnet/minecraft/resources/ResourceLocation;Lnet/minecraft/server/packs/resources/IoSupplier;)V to mde9f58a$lambda$modifyListResources$7$0 in fusion.mixins.json:forge.ForgePathPackResourcesMixin
[01Oct2026 17:29:20.895] [Render thread/DEBUG] [mixin/]: Renaming synthetic method lambda$modifyListResources$6(Ljava/lang/String;Lcom/mojang/serialization/DataResult$PartialResult;)V to mde9f58a$lambda$modifyListResources$6$1 in fusion.mixins.json:forge.ForgePathPackResourcesMixin
[01Oct2026 17:29:20.895] [Render thread/DEBUG] [mixin/]: Renaming synthetic method lambda$modifyListResources$5(Lnet/minecraft/server/packs/PackType;Ljava/lang/String;Ljava/util/Set;Lnet/minecraft/server/packs/PackResources$ResourceOutput;Ljava/util/List;)V to mde9f58a$lambda$modifyListResources$5$2 in fusion.mixins.json:forge.ForgePathPackResourcesMixin
[01Oct2026 17:29:20.895] [Render thread/DEBUG] [mixin/]: Renaming synthetic method lambda$modifyListResources$4(Ljava/util/Set;Lnet/minecraft/server/packs/PackResources$ResourceOutput;Lnet/minecraft/resources/ResourceLocation;Lnet/minecraft/server/packs/resources/IoSupplier;)V to mde9f58a$lambda$modifyListResources$4$3 in fusion.mixins.json:forge.ForgePathPackResourcesMixin
[01Oct2026 17:29:20.895] [Render thread/DEBUG] [mixin/]: Renaming synthetic method lambda$getNamespaces$3(Ljava/lang/String;)Z to mde9f58a$lambda$getNamespaces$3$4 in fusion.mixins.json:forge.ForgePathPackResourcesMixin
[01Oct2026 17:29:20.895] [Render thread/DEBUG] [mixin/]: Renaming synthetic method lambda$getNamespaces$2(Ljava/nio/file/Path;)Ljava/lang/String; to mde9f58a$lambda$getNamespaces$2$5 in fusion.mixins.json:forge.ForgePathPackResourcesMixin
[01Oct2026 17:29:20.895] [Render thread/DEBUG] [mixin/]: Renaming synthetic method lambda$getNamespaces$1(Ljava/nio/file/Path;)Z to mde9f58a$lambda$getNamespaces$1$6 in fusion.mixins.json:forge.ForgePathPackResourcesMixin
[01Oct2026 17:29:20.895] [Render thread/DEBUG] [mixin/]: Renaming synthetic method lambda$getNamespaces$0(Ljava/nio/file/Path;)Z to mde9f58a$lambda$getNamespaces$0$7 in fusion.mixins.json:forge.ForgePathPackResourcesMixin
[01Oct2026 17:29:20.922] [Render thread/DEBUG] [mixin/]: Mixing PackMixin from fusion.mixins.json into net.minecraft.server.packs.repository.Pack
[01Oct2026 17:29:20.949] [Render thread/DEBUG] [mixin/]: Mixing FilePackResourcesMixin from fusion.mixins.json into net.minecraft.server.packs.FilePackResources
[01Oct2026 17:29:20.949] [Render thread/DEBUG] [mixin/]: Renaming synthetic method lambda$modifyListResources$0(Ljava/util/Set;Lnet/minecraft/server/packs/PackResources$ResourceOutput;Lnet/minecraft/resources/ResourceLocation;Lnet/minecraft/server/packs/resources/IoSupplier;)V to mde9f58a$lambda$modifyListResources$0$0 in fusion.mixins.json:FilePackResourcesMixin
[01Oct2026 17:29:20.991] [Render thread/DEBUG] [net.minecraftforge.client.loading.ClientModLoader/CORE]: Generating PackInfo named mod:fusion for mod file C:\Users\Ethan\.gradle\caches\forge_gradle\deobf_dependencies\maven\modrinth\fusion-connected-textures\1.3.15b-forge-mc1.20.1_mapped_official_1.20.1\fusion-connected-textures-1.3.15b-forge-mc1.20.1_mapped_official_1.20.1.jar
[01Oct2026 17:29:20.991] [Render thread/DEBUG] [net.minecraftforge.client.loading.ClientModLoader/CORE]: Generating PackInfo named mod:powah for mod file C:\Users\Ethan\.gradle\caches\forge_gradle\deobf_dependencies\maven\modrinth\powah\5.0.11-forge_mapped_official_1.20.1\powah-5.0.11-forge_mapped_official_1.20.1.jar
[01Oct2026 17:29:20.992] [Render thread/DEBUG] [net.minecraftforge.client.loading.ClientModLoader/CORE]: Generating PackInfo named mod:colorful_lighting for mod file C:\Users\Ethan\.gradle\caches\forge_gradle\deobf_dependencies\maven\modrinth\colorful-lighting-sodium\2.7.0_mapped_official_1.20.1\colorful-lighting-sodium-2.7.0_mapped_official_1.20.1.jar
[01Oct2026 17:29:20.992] [Render thread/DEBUG] [net.minecraftforge.client.loading.ClientModLoader/CORE]: Generating PackInfo named mod:cloth_config for mod file C:\Users\Ethan\.gradle\caches\forge_gradle\deobf_dependencies\maven\modrinth\cloth-config\11.1.136+forge_mapped_official_1.20.1\cloth-config-11.1.136+forge_mapped_official_1.20.1.jar
[01Oct2026 17:29:20.992] [Render thread/DEBUG] [net.minecraftforge.client.loading.ClientModLoader/CORE]: Generating PackInfo named mod:forge for mod file /
[01Oct2026 17:29:20.995] [Render thread/DEBUG] [net.minecraftforge.client.loading.ClientModLoader/CORE]: Generating PackInfo named mod:rgbdeco for mod file C:\Users\Ethan\OneDrive\Documents\GitHub\rgbdeco\build\resources\main
[01Oct2026 17:29:20.995] [Render thread/DEBUG] [net.minecraftforge.client.loading.ClientModLoader/CORE]: Generating PackInfo named mod:architectury for mod file C:\Users\Ethan\.gradle\caches\forge_gradle\deobf_dependencies\maven\modrinth\architectury-api\9.2.14+forge_mapped_official_1.20.1\architectury-api-9.2.14+forge_mapped_official_1.20.1.jar
[01Oct2026 17:29:21.134] [Render thread/DEBUG] [mixin/]: Mixing ItemRendererMixin from fusion.mixins.json into net.minecraft.client.renderer.entity.ItemRenderer
[01Oct2026 17:29:21.153] [Render thread/DEBUG] [mixin/]: Mixing ItemModelShaperMixin from fusion.mixins.json into net.minecraft.client.renderer.ItemModelShaper
[01Oct2026 17:29:21.155] [Render thread/DEBUG] [net.minecraftforge.coremod.transformer.CoreModBaseTransformer/COREMOD]: Transforming net/minecraft/world/item/ItemStack
[01Oct2026 17:29:21.208] [Render thread/DEBUG] [mixin/]: Mixing ModelManagerMixin from fusion.mixins.json into net.minecraft.client.resources.model.ModelManager
[01Oct2026 17:29:21.246] [Render thread/DEBUG] [mixin/]: Mixing EntityModelSetMixin from fusion.mixins.json into net.minecraft.client.model.geom.EntityModelSet
[01Oct2026 17:29:21.263] [Render thread/DEBUG] [mixin/]: Mixing BlockRenderDispatcherMixin from fusion.mixins.json into net.minecraft.client.renderer.block.BlockRenderDispatcher
[01Oct2026 17:29:21.278] [Render thread/DEBUG] [mixin/]: Mixing EntityRenderDispatcherMixin from fusion.mixins.json into net.minecraft.client.renderer.entity.EntityRenderDispatcher
[01Oct2026 17:29:21.343] [Render thread/DEBUG] [mixin/]: Mixing ModelBakeryMixin from fusion.mixins.json into net.minecraft.client.resources.model.ModelBakery
[01Oct2026 17:29:21.358] [Render thread/DEBUG] [mixin/]: Mixing BlockModelMixin from fusion.mixins.json into net.minecraft.client.renderer.block.model.BlockModel
[01Oct2026 17:29:21.372] [Render thread/DEBUG] [mixin/]: Mixing BlockModelDeserializerMixin from fusion.mixins.json into net.minecraftforge.client.model.ExtendedBlockModelDeserializer
[01Oct2026 17:29:21.372] [Render thread/DEBUG] [mixin/]: Renaming synthetic method lambda$static$0()Ljava/lang/Boolean; to mde9f58a$lambda$static$0$0 in fusion.mixins.json:BlockModelDeserializerMixin
[01Oct2026 17:29:21.386] [Render thread/DEBUG] [mixin/]: Mixing BufferSourceMixin from fusion.mixins.json into net.minecraft.client.renderer.MultiBufferSource$BufferSource
[01Oct2026 17:29:21.394] [Render thread/DEBUG] [mixin/]: Mixing OutlineBufferSourceMixin from fusion.mixins.json into net.minecraft.client.renderer.OutlineBufferSource
[01Oct2026 17:29:21.403] [Render thread/DEBUG] [mixin/]: Mixing ModelBlockRendererMixin from fusion.mixins.json into net.minecraft.client.renderer.block.ModelBlockRenderer
[01Oct2026 17:29:21.403] [Render thread/DEBUG] [mixin/]: Renaming synthetic method lambda$collectModelsByRandomOffset$0(Lcom/mojang/blaze3d/vertex/PoseStack;Lnet/minecraft/world/level/BlockAndTintGetter;Lnet/minecraft/core/BlockPos;Lnet/minecraft/world/level/block/state/BlockState;Lcom/mojang/blaze3d/vertex/VertexConsumer;ZLnet/minecraft/util/RandomSource;JILnet/minecraft/client/renderer/RenderType;Lcom/supermartijn642/fusion/model/modifiers/block/ModelsByRandomOffset$Entry;)V to mde9f58a$lambda$collectModelsByRandomOffset$0$0 in fusion.mixins.json:ModelBlockRendererMixin
[01Oct2026 17:29:21.432] [Render thread/DEBUG] [mixin/]: Mixing forge.QuadLighterMixin from fusion.mixins.json into net.minecraftforge.client.model.lighting.QuadLighter
[01Oct2026 17:29:21.449] [Render thread/DEBUG] [mixin/]: Mixing render.LiquidBlockRendererMixin from colorful_lighting.mixins.json into net.minecraft.client.renderer.block.LiquidBlockRenderer
[01Oct2026 17:29:21.458] [Render thread/DEBUG] [mixin/]: Mixing TextureAtlasSpriteMixin from fusion.mixins.json into net.minecraft.client.renderer.texture.TextureAtlasSprite
[01Oct2026 17:29:21.570] [Render thread/INFO] [net.minecraftforge.gametest.ForgeGameTestHooks/]: Enabled Gametest Namespaces: [rgbdeco]
[01Oct2026 17:29:21.590] [Render thread/DEBUG] [mixin/]: Mixing EntityRenderersMixin from fusion.mixins.json into net.minecraft.client.renderer.entity.EntityRenderers
[01Oct2026 17:29:21.591] [Render thread/DEBUG] [mixin/]: Renaming synthetic method lambda$interceptRendererCreation$1(Lcom/google/common/collect/ImmutableMap$Builder;Lnet/minecraft/world/entity/EntityType;Lnet/minecraft/client/renderer/entity/EntityRendererProvider;)V to mde9f58a$lambda$interceptRendererCreation$1$0 in fusion.mixins.json:EntityRenderersMixin
[01Oct2026 17:29:21.591] [Render thread/DEBUG] [mixin/]: Renaming synthetic method lambda$interceptRendererCreation$0(Lnet/minecraft/world/entity/EntityType;Lnet/minecraft/client/renderer/entity/EntityRendererProvider;Lnet/minecraft/client/renderer/entity/EntityRendererProvider$Context;)Lnet/minecraft/client/renderer/entity/EntityRenderer; to mde9f58a$lambda$interceptRendererCreation$0$1 in fusion.mixins.json:EntityRenderersMixin
[01Oct2026 17:29:21.709] [Render thread/DEBUG] [mixin/]: Mixing forge.NamedRenderTypeManagerMixin from fusion.mixins.json into net.minecraftforge.client.NamedRenderTypeManager
[01Oct2026 17:29:21.780] [Render thread/INFO] [net.minecraft.server.packs.resources.ReloadableResourceManager/]: Reloading ResourceManager: vanilla, mod_resources, colorful_lighting:add_pack/colorful_lighting_assets, colorful_lighting:add_pack/colorful_lighting_core_shaders
[01Oct2026 17:29:21.797] [modloading-worker-0/DEBUG] [net.minecraftforge.fml.config.ConfigTracker/CONFIG]: Loading configs type CLIENT
[01Oct2026 17:29:21.799] [modloading-worker-0/DEBUG] [net.minecraftforge.fml.config.ConfigFileTypeHandler/CONFIG]: Built TOML config for C:\Users\Ethan\OneDrive\Documents\GitHub\rgbdeco\run\config\colorful_lighting-client.toml
[01Oct2026 17:29:21.799] [modloading-worker-0/DEBUG] [net.minecraftforge.fml.config.ConfigFileTypeHandler/CONFIG]: Loaded TOML config file C:\Users\Ethan\OneDrive\Documents\GitHub\rgbdeco\run\config\colorful_lighting-client.toml
[01Oct2026 17:29:21.803] [modloading-worker-0/DEBUG] [net.minecraftforge.fml.config.ConfigFileTypeHandler/CONFIG]: Watching TOML config file C:\Users\Ethan\OneDrive\Documents\GitHub\rgbdeco\run\config\colorful_lighting-client.toml for changes
[01Oct2026 17:29:21.818] [modloading-worker-0/DEBUG] [net.minecraftforge.fml.config.ConfigFileTypeHandler/CONFIG]: Built TOML config for C:\Users\Ethan\OneDrive\Documents\GitHub\rgbdeco\run\config\forge-client.toml
[01Oct2026 17:29:21.819] [modloading-worker-0/DEBUG] [net.minecraftforge.fml.config.ConfigFileTypeHandler/CONFIG]: Loaded TOML config file C:\Users\Ethan\OneDrive\Documents\GitHub\rgbdeco\run\config\forge-client.toml
[01Oct2026 17:29:21.820] [modloading-worker-0/DEBUG] [net.minecraftforge.fml.config.ConfigFileTypeHandler/CONFIG]: Watching TOML config file C:\Users\Ethan\OneDrive\Documents\GitHub\rgbdeco\run\config\forge-client.toml for changes
[01Oct2026 17:29:21.821] [modloading-worker-0/DEBUG] [net.minecraftforge.common.ForgeConfig/FORGEMOD]: Loaded forge config file forge-client.toml
[01Oct2026 17:29:21.822] [modloading-worker-0/DEBUG] [net.minecraftforge.fml.config.ConfigTracker/CONFIG]: Loading configs type COMMON
[01Oct2026 17:29:21.825] [Thread-3/DEBUG] [net.minecraftforge.fml.config.ConfigFileTypeHandler/CONFIG]: Config file forge-client.toml changed, sending notifies
[01Oct2026 17:29:21.825] [Thread-3/DEBUG] [net.minecraftforge.common.ForgeConfig/FORGEMOD]: Forge config just got changed on the file system!
[01Oct2026 17:29:21.858] [Render thread/DEBUG] [mixin/]: Mixing render.SpriteContentsAccessor from colorful_lighting.mixins.json into net.minecraft.client.renderer.texture.SpriteContents
[01Oct2026 17:29:21.897] [Render thread/DEBUG] [mixin/]: Mixing SpriteLoaderMixin from fusion.mixins.json into net.minecraft.client.renderer.texture.SpriteLoader
[01Oct2026 17:29:21.965] [Worker-Main-13/INFO] [net.minecraft.client.gui.font.providers.UnihexProvider/]: Found unifont_all_no_pua-15.0.06.hex, loading
[01Oct2026 17:29:21.996] [Forge Version Check/INFO] [net.minecraftforge.fml.VersionChecker/]: [forge] Starting version check at https://files.minecraftforge.net/net/minecraftforge/forge/promotions_slim.json
[01Oct2026 17:29:22.169] [Render thread/DEBUG] [net.minecraftforge.fml.DeferredWorkQueue/LOADING]: Dispatching synchronous work for work queue SIDED_SETUP: 1 jobs
[01Oct2026 17:29:22.261] [Worker-Main-6/WARN] [net.minecraft.client.renderer.texture.SpriteContents/]: Unused frames in sprite powah:item/charged_snowball: [1, 2, 3, 4, 16, 17, 18, 19]
[01Oct2026 17:29:22.277] [Worker-Main-2/WARN] [net.minecraft.client.renderer.texture.SpriteContents/]: Unused frames in sprite powah:item/ender_core: [1, 2, 4, 7, 9, 10, 11]
[01Oct2026 17:29:22.407] [Render thread/DEBUG] [net.minecraftforge.fml.DeferredWorkQueue/LOADING]: Synchronous work queue completed in 237.4 ms
[01Oct2026 17:29:22.708] [Forge Version Check/DEBUG] [net.minecraftforge.fml.VersionChecker/]: [forge] Received version check data:
{
  "homepage": "https://files.minecraftforge.net/net/minecraftforge/forge/",
  "promos": {
    "1.1-latest": "1.3.4.29",
    "1.2.3-latest": "1.4.1.64",
    "1.2.4-latest": "2.0.0.68",
    "1.2.5-latest": "3.4.9.171",
    "1.3.2-latest": "4.3.5.318",
    "1.4.0-latest": "5.0.0.326",
    "1.4.1-latest": "6.0.0.329",
    "1.4.2-latest": "6.0.1.355",
    "1.4.3-latest": "6.2.1.358",
    "1.4.4-latest": "6.3.0.378",
    "1.4.5-latest": "6.4.2.448",
    "1.4.6-latest": "6.5.0.489",
    "1.4.7-latest": "6.6.2.534",
    "1.5-latest": "7.7.0.598",
    "1.5.1-latest": "7.7.2.682",
    "1.5.2-latest": "7.8.1.738",
    "1.5.2-recommended": "7.8.1.738",
    "1.6.1-latest": "8.9.0.775",
    "1.6.2-latest": "9.10.1.871",
    "1.6.2-recommended": "9.10.1.871",
    "1.6.3-latest": "9.11.0.878",
    "1.6.4-latest": "9.11.1.1345",
    "1.6.4-recommended": "9.11.1.1345",
    "1.7.2-latest": "10.12.2.1161",
    "1.7.2-recommended": "10.12.2.1161",
    "1.7.10-latest": "10.13.4.1614",
    "1.7.10-recommended": "10.13.4.1614",
    "1.8-latest": "11.14.4.1577",
    "1.8-recommended": "11.14.4.1563",
    "1.8.8-latest": "11.15.0.1655",
    "1.8.9-latest": "11.15.1.2318",
    "1.8.9-recommended": "11.15.1.2318",
    "1.9-latest": "12.16.1.1938",
    "1.9-recommended": "12.16.1.1887",
    "1.9.4-latest": "12.17.0.2317",
    "1.9.4-recommended": "12.17.0.2317",
    "1.10-latest": "12.18.0.2000",
    "1.10.2-latest": "12.18.3.2511",
    "1.10.2-recommended": "12.18.3.2511",
    "1.11-latest": "13.19.1.2199",
    "1.11-recommended": "13.19.1.2189",
    "1.11.2-latest": "13.20.1.2588",
    "1.11.2-recommended": "13.20.1.2588",
    "1.12-latest": "14.21.1.2443",
    "1.12-recommended": "14.21.1.2387",
    "1.12.1-latest": "14.22.1.2485",
    "1.12.1-recommended": "14.22.1.2478",
    "1.12.2-latest": "14.23.5.2864",
    "1.12.2-recommended": "14.23.5.2859",
    "1.13.2-latest": "25.0.223",
    "1.14.2-latest": "26.0.63",
    "1.14.3-latest": "27.0.60",
    "1.14.4-latest": "28.2.30",
    "1.14.4-recommended": "28.2.26",
    "1.15-latest": "29.0.4",
    "1.15.1-latest": "30.0.51",
    "1.15.2-latest": "31.2.62",
    "1.15.2-recommended": "31.2.57",
    "1.16.1-latest": "32.0.108",
    "1.16.2-latest": "33.0.61",
    "1.16.3-latest": "34.1.42",
    "1.16.3-recommended": "34.1.0",
    "1.16.4-latest": "35.1.37",
    "1.16.4-recommended": "35.1.4",
    "1.16.5-latest": "36.2.42",
    "1.16.5-recommended": "36.2.34",
    "1.17.1-latest": "37.1.1",
    "1.17.1-recommended": "37.1.1",
    "1.18-latest": "38.0.17",
    "1.18.1-latest": "39.1.2",
    "1.18.1-recommended": "39.1.0",
    "1.18.2-recommended": "40.3.0",
    "1.18.2-latest": "40.3.12",
    "1.19-latest": "41.1.0",
    "1.19-recommended": "41.1.0",
    "1.19.1-latest": "42.0.9",
    "1.19.2-recommended": "43.5.0",
    "1.19.2-latest": "43.5.2",
    "1.19.3-latest": "44.1.23",
    "1.19.3-recommended": "44.1.0",
    "1.19.4-recommended": "45.4.0",
    "1.19.4-latest": "45.4.5",
    "1.20-latest": "46.0.14",
    "1.20.1-recommended": "47.4.10",
    "1.20.1-latest": "47.4.23",
    "1.20.2-latest": "48.1.0",
    "1.20.2-recommended": "48.1.0",
    "1.20.3-latest": "49.0.2",
    "1.20.4-latest": "49.2.8",
    "1.20.4-recommended": "49.2.0",
    "1.20.6-latest": "50.2.10",
    "1.20.6-recommended": "50.2.0",
    "1.21-latest": "51.0.33",
    "1.21.1-latest": "52.1.16",
    "1.21.1-recommended": "52.1.0",
    "1.21.3-latest": "53.1.12",
    "1.21.3-recommended": "53.1.0",
    "1.21.4-latest": "54.1.18",
    "1.21.4-recommended": "54.1.14",
    "1.21.5-latest": "55.1.14",
    "1.21.5-recommended": "55.1.0",
    "1.21.6-latest": "56.0.9",
    "1.21.7-latest": "57.0.3",
    "1.21.8-latest": "58.1.22",
    "1.21.8-recommended": "58.1.0",
    "1.21.9-latest": "59.0.5",
    "1.21.10-latest": "60.1.15",
    "1.21.10-recommended": "60.1.0",
    "1.21.11-latest": "61.2.1",
    "1.21.11-recommended": "61.2.0",
    "26.1-latest": "62.0.9",
    "26.1.1-latest": "63.0.2",
    "26.1.2-latest": "64.1.3",
    "26.1.2-recommended": "64.1.0",
    "26.2-latest": "65.1.3",
    "26.2-recommended": "65.1.0",
    "26.3-latest": "66.0.9"
  }
}
[01Oct2026 17:29:22.710] [Forge Version Check/INFO] [net.minecraftforge.fml.VersionChecker/]: [forge] Found status: AHEAD Current: 47.4.23 Target: null
[01Oct2026 17:29:22.827] [Worker-Main-9/WARN] [net.minecraft.client.resources.model.ModelBakery/]: Unable to load model: 'minecraft:block' referenced from: powah:energy_cell_starter#waterlogged=true: java.io.FileNotFoundException: minecraft:models/block.json
[01Oct2026 17:29:22.958] [Worker-Main-9/DEBUG] [mixin/]: Mixing ModelBakeryModelBakerImplMixin from fusion.mixins.json into net.minecraft.client.resources.model.ModelBakery$ModelBakerImpl
[01Oct2026 17:29:23.010] [Worker-Main-9/DEBUG] [mixin/]: Mixing MultiPartBakedModelMixin from fusion.mixins.json into net.minecraft.client.resources.model.MultiPartBakedModel
[01Oct2026 17:29:23.064] [Worker-Main-9/DEBUG] [mixin/]: Mixing WeightedBakedModelMixin from fusion.mixins.json into net.minecraft.client.resources.model.WeightedBakedModel
[01Oct2026 17:29:23.064] [Worker-Main-9/DEBUG] [mixin/]: Renaming synthetic method lambda$onInit$1(Lnet/minecraft/util/random/WeightedEntry$Wrapper;)Z to mde9f58a$lambda$onInit$1$0 in fusion.mixins.json:WeightedBakedModelMixin
[01Oct2026 17:29:23.064] [Worker-Main-9/DEBUG] [mixin/]: Renaming synthetic method lambda$onInit$0(Ljava/lang/Class;)Ljava/lang/Boolean; to mde9f58a$lambda$onInit$0$1 in fusion.mixins.json:WeightedBakedModelMixin
[01Oct2026 17:29:23.682] [modloading-worker-0/DEBUG] [net.minecraftforge.registries.GameData/REGISTRIES]: Freezing registries
[01Oct2026 17:29:23.683] [modloading-worker-0/DEBUG] [net.minecraftforge.registries.ForgeRegistry/REGISTRIES]: Registry minecraft:block Sync: FROZEN -> ACTIVE
[01Oct2026 17:29:23.691] [modloading-worker-0/DEBUG] [net.minecraftforge.registries.ForgeRegistry/REGISTRIES]: Registry minecraft:fluid Sync: FROZEN -> ACTIVE
[01Oct2026 17:29:23.693] [modloading-worker-0/DEBUG] [net.minecraftforge.registries.ForgeRegistry/REGISTRIES]: Registry minecraft:item Sync: FROZEN -> ACTIVE
[01Oct2026 17:29:23.702] [modloading-worker-0/DEBUG] [net.minecraftforge.registries.ForgeRegistry/REGISTRIES]: Registry minecraft:mob_effect Sync: FROZEN -> ACTIVE
[01Oct2026 17:29:23.702] [modloading-worker-0/DEBUG] [net.minecraftforge.registries.ForgeRegistry/REGISTRIES]: Registry minecraft:sound_event Sync: FROZEN -> ACTIVE
[01Oct2026 17:29:23.708] [modloading-worker-0/DEBUG] [net.minecraftforge.registries.ForgeRegistry/REGISTRIES]: Registry minecraft:potion Sync: FROZEN -> ACTIVE
[01Oct2026 17:29:23.708] [modloading-worker-0/DEBUG] [net.minecraftforge.registries.ForgeRegistry/REGISTRIES]: Registry minecraft:enchantment Sync: FROZEN -> ACTIVE
[01Oct2026 17:29:23.708] [modloading-worker-0/DEBUG] [net.minecraftforge.registries.ForgeRegistry/REGISTRIES]: Registry minecraft:entity_type Sync: FROZEN -> ACTIVE
[01Oct2026 17:29:23.711] [modloading-worker-0/DEBUG] [net.minecraftforge.registries.ForgeRegistry/REGISTRIES]: Registry minecraft:block_entity_type Sync: FROZEN -> ACTIVE
[01Oct2026 17:29:23.712] [modloading-worker-0/DEBUG] [net.minecraftforge.registries.ForgeRegistry/REGISTRIES]: Registry minecraft:particle_type Sync: FROZEN -> ACTIVE
[01Oct2026 17:29:23.712] [modloading-worker-0/DEBUG] [net.minecraftforge.registries.ForgeRegistry/REGISTRIES]: Registry minecraft:menu Sync: FROZEN -> ACTIVE
[01Oct2026 17:29:23.712] [modloading-worker-0/DEBUG] [net.minecraftforge.registries.ForgeRegistry/REGISTRIES]: Registry minecraft:painting_variant Sync: FROZEN -> ACTIVE
[01Oct2026 17:29:23.712] [modloading-worker-0/DEBUG] [net.minecraftforge.registries.ForgeRegistry/REGISTRIES]: Registry minecraft:recipe_type Sync: FROZEN -> ACTIVE
[01Oct2026 17:29:23.712] [modloading-worker-0/DEBUG] [net.minecraftforge.registries.ForgeRegistry/REGISTRIES]: Registry minecraft:recipe_serializer Sync: FROZEN -> ACTIVE
[01Oct2026 17:29:23.714] [modloading-worker-0/DEBUG] [net.minecraftforge.registries.ForgeRegistry/REGISTRIES]: Registry minecraft:attribute Sync: FROZEN -> ACTIVE
[01Oct2026 17:29:23.714] [modloading-worker-0/DEBUG] [net.minecraftforge.registries.ForgeRegistry/REGISTRIES]: Registry minecraft:stat_type Sync: FROZEN -> ACTIVE
[01Oct2026 17:29:23.714] [modloading-worker-0/DEBUG] [net.minecraftforge.registries.ForgeRegistry/REGISTRIES]: Registry minecraft:command_argument_type Sync: FROZEN -> ACTIVE
[01Oct2026 17:29:23.714] [modloading-worker-0/DEBUG] [net.minecraftforge.registries.ForgeRegistry/REGISTRIES]: Registry minecraft:villager_profession Sync: FROZEN -> ACTIVE
[01Oct2026 17:29:23.714] [modloading-worker-0/DEBUG] [net.minecraftforge.registries.ForgeRegistry/REGISTRIES]: Registry minecraft:point_of_interest_type Sync: FROZEN -> ACTIVE
[01Oct2026 17:29:23.715] [modloading-worker-0/DEBUG] [net.minecraftforge.registries.ForgeRegistry/REGISTRIES]: Registry minecraft:memory_module_type Sync: FROZEN -> ACTIVE
[01Oct2026 17:29:23.717] [modloading-worker-0/DEBUG] [net.minecraftforge.registries.ForgeRegistry/REGISTRIES]: Registry minecraft:sensor_type Sync: FROZEN -> ACTIVE
[01Oct2026 17:29:23.717] [modloading-worker-0/DEBUG] [net.minecraftforge.registries.ForgeRegistry/REGISTRIES]: Registry minecraft:schedule Sync: FROZEN -> ACTIVE
[01Oct2026 17:29:23.717] [modloading-worker-0/DEBUG] [net.minecraftforge.registries.ForgeRegistry/REGISTRIES]: Registry minecraft:activity Sync: FROZEN -> ACTIVE
[01Oct2026 17:29:23.717] [modloading-worker-0/DEBUG] [net.minecraftforge.registries.ForgeRegistry/REGISTRIES]: Registry minecraft:worldgen/carver Sync: FROZEN -> ACTIVE
[01Oct2026 17:29:23.717] [modloading-worker-0/DEBUG] [net.minecraftforge.registries.ForgeRegistry/REGISTRIES]: Registry minecraft:worldgen/feature Sync: FROZEN -> ACTIVE
[01Oct2026 17:29:23.717] [modloading-worker-0/DEBUG] [net.minecraftforge.registries.ForgeRegistry/REGISTRIES]: Registry minecraft:chunk_status Sync: FROZEN -> ACTIVE
[01Oct2026 17:29:23.719] [modloading-worker-0/DEBUG] [net.minecraftforge.registries.ForgeRegistry/REGISTRIES]: Registry minecraft:worldgen/block_state_provider_type Sync: FROZEN -> ACTIVE
[01Oct2026 17:29:23.719] [modloading-worker-0/DEBUG] [net.minecraftforge.registries.ForgeRegistry/REGISTRIES]: Registry minecraft:worldgen/foliage_placer_type Sync: FROZEN -> ACTIVE
[01Oct2026 17:29:23.719] [modloading-worker-0/DEBUG] [net.minecraftforge.registries.ForgeRegistry/REGISTRIES]: Registry minecraft:worldgen/tree_decorator_type Sync: FROZEN -> ACTIVE
[01Oct2026 17:29:23.719] [modloading-worker-0/DEBUG] [net.minecraftforge.registries.ForgeRegistry/REGISTRIES]: Registry minecraft:worldgen/biome Sync: FROZEN -> ACTIVE
[01Oct2026 17:29:23.719] [modloading-worker-0/DEBUG] [net.minecraftforge.registries.ForgeRegistry/REGISTRIES]: Registry forge:entity_data_serializers Sync: FROZEN -> ACTIVE
[01Oct2026 17:29:23.719] [modloading-worker-0/DEBUG] [net.minecraftforge.registries.ForgeRegistry/REGISTRIES]: Registry forge:global_loot_modifier_serializers Sync: FROZEN -> ACTIVE
[01Oct2026 17:29:23.719] [modloading-worker-0/DEBUG] [net.minecraftforge.registries.ForgeRegistry/REGISTRIES]: Registry forge:biome_modifier_serializers Sync: FROZEN -> ACTIVE
[01Oct2026 17:29:23.719] [modloading-worker-0/DEBUG] [net.minecraftforge.registries.ForgeRegistry/REGISTRIES]: Registry forge:fluid_type Sync: FROZEN -> ACTIVE
[01Oct2026 17:29:23.719] [modloading-worker-0/DEBUG] [net.minecraftforge.registries.ForgeRegistry/REGISTRIES]: Registry forge:structure_modifier_serializers Sync: FROZEN -> ACTIVE
[01Oct2026 17:29:23.719] [modloading-worker-0/DEBUG] [net.minecraftforge.registries.ForgeRegistry/REGISTRIES]: Registry forge:holder_set_type Sync: FROZEN -> ACTIVE
[01Oct2026 17:29:23.719] [modloading-worker-0/DEBUG] [net.minecraftforge.registries.ForgeRegistry/REGISTRIES]: Registry forge:display_contexts Sync: FROZEN -> ACTIVE
[01Oct2026 17:29:24.508] [modloading-worker-0/DEBUG] [net.minecraftforge.registries.GameData/REGISTRIES]: All registries frozen
[01Oct2026 17:29:24.544] [Render thread/DEBUG] [net.minecraftforge.common.ForgeI18n/CORE]: Loading I18N data entries: 6824
[01Oct2026 17:29:24.558] [Render thread/WARN] [net.minecraft.client.sounds.SoundEngine/]: Missing sound for event: minecraft:item.goat_horn.play
[01Oct2026 17:29:24.558] [Render thread/WARN] [net.minecraft.client.sounds.SoundEngine/]: Missing sound for event: minecraft:entity.goat.screaming.horn_break
[01Oct2026 17:29:24.593] [Render thread/INFO] [com.mojang.blaze3d.audio.Library/]: OpenAL initialized on device OpenAL Soft on Speakers (High Definition Audio Device)
[01Oct2026 17:29:24.593] [Render thread/INFO] [net.minecraft.client.sounds.SoundEngine/SOUNDS]: Sound engine started
[01Oct2026 17:29:24.675] [Render thread/INFO] [net.minecraft.client.renderer.texture.TextureAtlas/]: Created: 1024x512x4 minecraft:textures/atlas/blocks.png-atlas
[01Oct2026 17:29:24.684] [Render thread/INFO] [net.minecraft.client.renderer.texture.TextureAtlas/]: Created: 256x256x4 minecraft:textures/atlas/signs.png-atlas
[01Oct2026 17:29:24.684] [Render thread/INFO] [net.minecraft.client.renderer.texture.TextureAtlas/]: Created: 512x512x4 minecraft:textures/atlas/shield_patterns.png-atlas
[01Oct2026 17:29:24.684] [Render thread/INFO] [net.minecraft.client.renderer.texture.TextureAtlas/]: Created: 512x512x4 minecraft:textures/atlas/banner_patterns.png-atlas
[01Oct2026 17:29:24.686] [Render thread/INFO] [net.minecraft.client.renderer.texture.TextureAtlas/]: Created: 1024x1024x4 minecraft:textures/atlas/armor_trims.png-atlas
[01Oct2026 17:29:24.688] [Render thread/INFO] [net.minecraft.client.renderer.texture.TextureAtlas/]: Created: 128x64x4 minecraft:textures/atlas/decorated_pot.png-atlas
[01Oct2026 17:29:24.689] [Render thread/INFO] [net.minecraft.client.renderer.texture.TextureAtlas/]: Created: 256x256x4 minecraft:textures/atlas/chest.png-atlas
[01Oct2026 17:29:24.690] [Render thread/INFO] [net.minecraft.client.renderer.texture.TextureAtlas/]: Created: 512x256x4 minecraft:textures/atlas/shulker_boxes.png-atlas
[01Oct2026 17:29:24.690] [Render thread/INFO] [net.minecraft.client.renderer.texture.TextureAtlas/]: Created: 512x256x4 minecraft:textures/atlas/beds.png-atlas
[01Oct2026 17:29:24.809] [Render thread/WARN] [net.minecraft.client.renderer.ShaderInstance/]: Shader rendertype_entity_solid could not find uniform named IViewRotMat in the specified shader program.
[01Oct2026 17:29:24.810] [Render thread/WARN] [net.minecraft.client.renderer.ShaderInstance/]: Shader rendertype_entity_cutout could not find uniform named IViewRotMat in the specified shader program.
[01Oct2026 17:29:24.811] [Render thread/WARN] [net.minecraft.client.renderer.ShaderInstance/]: Shader rendertype_entity_cutout_no_cull could not find uniform named IViewRotMat in the specified shader program.
[01Oct2026 17:29:24.813] [Render thread/WARN] [net.minecraft.client.renderer.ShaderInstance/]: Shader rendertype_entity_cutout_no_cull_z_offset could not find uniform named IViewRotMat in the specified shader program.
[01Oct2026 17:29:24.814] [Render thread/WARN] [net.minecraft.client.renderer.ShaderInstance/]: Shader rendertype_item_entity_translucent_cull could not find uniform named IViewRotMat in the specified shader program.
[01Oct2026 17:29:24.816] [Render thread/WARN] [net.minecraft.client.renderer.ShaderInstance/]: Shader rendertype_entity_translucent_cull could not find uniform named IViewRotMat in the specified shader program.
[01Oct2026 17:29:24.818] [Render thread/WARN] [net.minecraft.client.renderer.ShaderInstance/]: Shader rendertype_entity_translucent could not find uniform named IViewRotMat in the specified shader program.
[01Oct2026 17:29:24.819] [Render thread/WARN] [net.minecraft.client.renderer.ShaderInstance/]: Shader rendertype_entity_translucent_emissive could not find sampler named Sampler2 in the specified shader program.
[01Oct2026 17:29:24.821] [Render thread/WARN] [net.minecraft.client.renderer.ShaderInstance/]: Shader rendertype_entity_smooth_cutout could not find uniform named IViewRotMat in the specified shader program.
[01Oct2026 17:29:24.821] [Render thread/WARN] [net.minecraft.client.renderer.ShaderInstance/]: Shader rendertype_entity_decal could not find uniform named IViewRotMat in the specified shader program.
[01Oct2026 17:29:24.824] [Render thread/WARN] [net.minecraft.client.renderer.ShaderInstance/]: Shader rendertype_entity_no_outline could not find uniform named IViewRotMat in the specified shader program.
[01Oct2026 17:29:24.829] [Render thread/WARN] [net.minecraft.client.renderer.ShaderInstance/]: Shader rendertype_leash could not find uniform named IViewRotMat in the specified shader program.
[01Oct2026 17:29:24.838] [Render thread/WARN] [net.minecraft.client.renderer.ShaderInstance/]: Shader rendertype_text could not find uniform named IViewRotMat in the specified shader program.
[01Oct2026 17:29:24.840] [Render thread/WARN] [net.minecraft.client.renderer.ShaderInstance/]: Shader rendertype_text_background could not find uniform named IViewRotMat in the specified shader program.
[01Oct2026 17:29:24.841] [Render thread/WARN] [net.minecraft.client.renderer.ShaderInstance/]: Shader rendertype_text_intensity could not find uniform named IViewRotMat in the specified shader program.
[01Oct2026 17:29:24.864] [Render thread/INFO] [net.minecraft.client.renderer.texture.TextureAtlas/]: Created: 256x256x0 minecraft:textures/atlas/particles.png-atlas
[01Oct2026 17:29:24.865] [Render thread/INFO] [net.minecraft.client.renderer.texture.TextureAtlas/]: Created: 256x256x0 minecraft:textures/atlas/paintings.png-atlas
[01Oct2026 17:29:24.866] [Render thread/INFO] [net.minecraft.client.renderer.texture.TextureAtlas/]: Created: 128x128x0 minecraft:textures/atlas/mob_effects.png-atlas
[01Oct2026 17:29:24.866] [Render thread/WARN] [me.erykczy.colorfullighting.ColorfulLighting/]: Built-in light resource /resourcepacks/colorful_lighting_core_shaders/assets/colorful_lighting/light/emitters.json not found
[01Oct2026 17:29:24.866] [Render thread/WARN] [me.erykczy.colorfullighting.ColorfulLighting/]: Built-in light resource /resourcepacks/colorful_lighting_core_shaders/assets/colorful_lighting/light/filters.json not found
[01Oct2026 17:29:24.866] [Render thread/WARN] [me.erykczy.colorfullighting.ColorfulLighting/]: Built-in light resource /resourcepacks/colorful_lighting_core_shaders/assets/colorful_lighting/light/absorbers.json not found
[01Oct2026 17:29:24.868] [Render thread/WARN] [me.erykczy.colorfullighting.ColorfulLighting/]: Built-in light resource /resourcepacks/colorful_lighting_core_shaders/assets/colorful_lighting/light/entities.json not found
[01Oct2026 17:29:24.868] [Render thread/WARN] [me.erykczy.colorfullighting.ColorfulLighting/]: Built-in light resource /resourcepacks/colorful_lighting_core_shaders/assets/colorful_lighting/light/items.json not found
[01Oct2026 17:29:24.868] [Render thread/WARN] [me.erykczy.colorfullighting.ColorfulLighting/]: Built-in light resource /resourcepacks/colorful_lighting_core_shaders/assets/colorful_lighting/light/moon_phases.json not found
[01Oct2026 17:29:25.165] [Realms Notification Availability checker #1/INFO] [com.mojang.realmsclient.client.RealmsClient/]: Could not authorize you against Realms server: java.lang.RuntimeException: Failed to parse into SignedJWT: 0
[01Oct2026 17:29:31.897] [Render thread/INFO] [net.minecraftforge.registries.GameData/REGISTRIES]: Injecting existing registry data into this CLIENT instance
[01Oct2026 17:29:31.910] [Render thread/DEBUG] [net.minecraftforge.registries.ForgeRegistry/REGISTRIES]: Registry minecraft:block: Fixed minecraft:block id mismatch powah:blazing_crystal_block: 1097 (init) -> 1099 (map).
[01Oct2026 17:29:31.910] [Render thread/DEBUG] [net.minecraftforge.registries.ForgeRegistry/REGISTRIES]: Registry minecraft:block: Fixed minecraft:block id mismatch powah:deepslate_uraninite_ore: 1103 (init) -> 1105 (map).
[01Oct2026 17:29:31.912] [Render thread/DEBUG] [net.minecraftforge.registries.ForgeRegistry/REGISTRIES]: Registry minecraft:block: Fixed minecraft:block id mismatch powah:deepslate_uraninite_ore_dense: 1104 (init) -> 1106 (map).
[01Oct2026 17:29:31.912] [Render thread/DEBUG] [net.minecraftforge.registries.ForgeRegistry/REGISTRIES]: Registry minecraft:block: Fixed minecraft:block id mismatch powah:deepslate_uraninite_ore_poor: 1102 (init) -> 1104 (map).
[01Oct2026 17:29:31.912] [Render thread/DEBUG] [net.minecraftforge.registries.ForgeRegistry/REGISTRIES]: Registry minecraft:block: Fixed minecraft:block id mismatch powah:dry_ice: 1108 (init) -> 1110 (map).
[01Oct2026 17:29:31.912] [Render thread/DEBUG] [net.minecraftforge.registries.ForgeRegistry/REGISTRIES]: Registry minecraft:block: Fixed minecraft:block id mismatch powah:ender_cell_basic: 1012 (init) -> 1014 (map).
[01Oct2026 17:29:31.912] [Render thread/DEBUG] [net.minecraftforge.registries.ForgeRegistry/REGISTRIES]: Registry minecraft:block: Fixed minecraft:block id mismatch powah:ender_cell_blazing: 1014 (init) -> 1016 (map).
[01Oct2026 17:29:31.912] [Render thread/DEBUG] [net.minecraftforge.registries.ForgeRegistry/REGISTRIES]: Registry minecraft:block: Fixed minecraft:block id mismatch powah:ender_cell_hardened: 1013 (init) -> 1015 (map).
[01Oct2026 17:29:31.912] [Render thread/DEBUG] [net.minecraftforge.registries.ForgeRegistry/REGISTRIES]: Registry minecraft:block: Fixed minecraft:block id mismatch powah:ender_cell_niotic: 1015 (init) -> 1017 (map).
[01Oct2026 17:29:31.912] [Render thread/DEBUG] [net.minecraftforge.registries.ForgeRegistry/REGISTRIES]: Registry minecraft:block: Fixed minecraft:block id mismatch powah:ender_cell_nitro: 1017 (init) -> 1019 (map).
[01Oct2026 17:29:31.912] [Render thread/DEBUG] [net.minecraftforge.registries.ForgeRegistry/REGISTRIES]: Registry minecraft:block: Fixed minecraft:block id mismatch powah:ender_cell_spirited: 1016 (init) -> 1018 (map).
[01Oct2026 17:29:31.912] [Render thread/DEBUG] [net.minecraftforge.registries.ForgeRegistry/REGISTRIES]: Registry minecraft:block: Fixed minecraft:block id mismatch powah:ender_cell_starter: 1011 (init) -> 1013 (map).
[01Oct2026 17:29:31.912] [Render thread/DEBUG] [net.minecraftforge.registries.ForgeRegistry/REGISTRIES]: Registry minecraft:block: Fixed minecraft:block id mismatch powah:ender_gate_basic: 1026 (init) -> 1028 (map).
[01Oct2026 17:29:31.912] [Render thread/DEBUG] [net.minecraftforge.registries.ForgeRegistry/REGISTRIES]: Registry minecraft:block: Fixed minecraft:block id mismatch powah:ender_gate_blazing: 1028 (init) -> 1030 (map).
[01Oct2026 17:29:31.912] [Render thread/DEBUG] [net.minecraftforge.registries.ForgeRegistry/REGISTRIES]: Registry minecraft:block: Fixed minecraft:block id mismatch powah:ender_gate_hardened: 1027 (init) -> 1029 (map).
[01Oct2026 17:29:31.912] [Render thread/DEBUG] [net.minecraftforge.registries.ForgeRegistry/REGISTRIES]: Registry minecraft:block: Fixed minecraft:block id mismatch powah:ender_gate_niotic: 1029 (init) -> 1031 (map).
[01Oct2026 17:29:31.912] [Render thread/DEBUG] [net.minecraftforge.registries.ForgeRegistry/REGISTRIES]: Registry minecraft:block: Fixed minecraft:block id mismatch powah:ender_gate_nitro: 1031 (init) -> 1033 (map).
[01Oct2026 17:29:31.912] [Render thread/DEBUG] [net.minecraftforge.registries.ForgeRegistry/REGISTRIES]: Registry minecraft:block: Fixed minecraft:block id mismatch powah:ender_gate_spirited: 1030 (init) -> 1032 (map).
[01Oct2026 17:29:31.912] [Render thread/DEBUG] [net.minecraftforge.registries.ForgeRegistry/REGISTRIES]: Registry minecraft:block: Fixed minecraft:block id mismatch powah:ender_gate_starter: 1025 (init) -> 1027 (map).
[01Oct2026 17:29:31.912] [Render thread/DEBUG] [net.minecraftforge.registries.ForgeRegistry/REGISTRIES]: Registry minecraft:block: Fixed minecraft:block id mismatch powah:energized_steel_block: 1096 (init) -> 1098 (map).
[01Oct2026 17:29:31.912] [Render thread/DEBUG] [net.minecraftforge.registries.ForgeRegistry/REGISTRIES]: Registry minecraft:block: Fixed minecraft:block id mismatch powah:energizing_orb: 1032 (init) -> 1034 (map).
[01Oct2026 17:29:31.912] [Render thread/DEBUG] [net.minecraftforge.registries.ForgeRegistry/REGISTRIES]: Registry minecraft:block: Fixed minecraft:block id mismatch powah:energizing_rod_basic: 1034 (init) -> 1036 (map).
[01Oct2026 17:29:31.913] [Render thread/DEBUG] [net.minecraftforge.registries.ForgeRegistry/REGISTRIES]: Registry minecraft:block: Fixed minecraft:block id mismatch powah:energizing_rod_blazing: 1036 (init) -> 1038 (map).
[01Oct2026 17:29:31.913] [Render thread/DEBUG] [net.minecraftforge.registries.ForgeRegistry/REGISTRIES]: Registry minecraft:block: Fixed minecraft:block id mismatch powah:energizing_rod_hardened: 1035 (init) -> 1037 (map).
[01Oct2026 17:29:31.913] [Render thread/DEBUG] [net.minecraftforge.registries.ForgeRegistry/REGISTRIES]: Registry minecraft:block: Fixed minecraft:block id mismatch powah:energizing_rod_niotic: 1037 (init) -> 1039 (map).
[01Oct2026 17:29:31.913] [Render thread/DEBUG] [net.minecraftforge.registries.ForgeRegistry/REGISTRIES]: Registry minecraft:block: Fixed minecraft:block id mismatch powah:energizing_rod_nitro: 1039 (init) -> 1041 (map).
[01Oct2026 17:29:31.913] [Render thread/DEBUG] [net.minecraftforge.registries.ForgeRegistry/REGISTRIES]: Registry minecraft:block: Fixed minecraft:block id mismatch powah:energizing_rod_spirited: 1038 (init) -> 1040 (map).
[01Oct2026 17:29:31.913] [Render thread/DEBUG] [net.minecraftforge.registries.ForgeRegistry/REGISTRIES]: Registry minecraft:block: Fixed minecraft:block id mismatch powah:energizing_rod_starter: 1033 (init) -> 1035 (map).
[01Oct2026 17:29:31.913] [Render thread/DEBUG] [net.minecraftforge.registries.ForgeRegistry/REGISTRIES]: Registry minecraft:block: Fixed minecraft:block id mismatch powah:energy_cable_basic: 1019 (init) -> 1021 (map).
[01Oct2026 17:29:31.913] [Render thread/DEBUG] [net.minecraftforge.registries.ForgeRegistry/REGISTRIES]: Registry minecraft:block: Fixed minecraft:block id mismatch powah:energy_cable_blazing: 1021 (init) -> 1023 (map).
[01Oct2026 17:29:31.913] [Render thread/DEBUG] [net.minecraftforge.registries.ForgeRegistry/REGISTRIES]: Registry minecraft:block: Fixed minecraft:block id mismatch powah:energy_cable_hardened: 1020 (init) -> 1022 (map).
[01Oct2026 17:29:31.913] [Render thread/DEBUG] [net.minecraftforge.registries.ForgeRegistry/REGISTRIES]: Registry minecraft:block: Fixed minecraft:block id mismatch powah:energy_cable_niotic: 1022 (init) -> 1024 (map).
[01Oct2026 17:29:31.913] [Render thread/DEBUG] [net.minecraftforge.registries.ForgeRegistry/REGISTRIES]: Registry minecraft:block: Fixed minecraft:block id mismatch powah:energy_cable_nitro: 1024 (init) -> 1026 (map).
[01Oct2026 17:29:31.913] [Render thread/DEBUG] [net.minecraftforge.registries.ForgeRegistry/REGISTRIES]: Registry minecraft:block: Fixed minecraft:block id mismatch powah:energy_cable_spirited: 1023 (init) -> 1025 (map).
[01Oct2026 17:29:31.913] [Render thread/DEBUG] [net.minecraftforge.registries.ForgeRegistry/REGISTRIES]: Registry minecraft:block: Fixed minecraft:block id mismatch powah:energy_cable_starter: 1018 (init) -> 1020 (map).
[01Oct2026 17:29:31.913] [Render thread/DEBUG] [net.minecraftforge.registries.ForgeRegistry/REGISTRIES]: Registry minecraft:block: Fixed minecraft:block id mismatch powah:energy_cell_basic: 1004 (init) -> 1006 (map).
[01Oct2026 17:29:31.913] [Render thread/DEBUG] [net.minecraftforge.registries.ForgeRegistry/REGISTRIES]: Registry minecraft:block: Fixed minecraft:block id mismatch powah:energy_cell_blazing: 1006 (init) -> 1008 (map).
[01Oct2026 17:29:31.913] [Render thread/DEBUG] [net.minecraftforge.registries.ForgeRegistry/REGISTRIES]: Registry minecraft:block: Fixed minecraft:block id mismatch powah:energy_cell_creative: 1010 (init) -> 1012 (map).
[01Oct2026 17:29:31.913] [Render thread/DEBUG] [net.minecraftforge.registries.ForgeRegistry/REGISTRIES]: Registry minecraft:block: Fixed minecraft:block id mismatch powah:energy_cell_hardened: 1005 (init) -> 1007 (map).
[01Oct2026 17:29:31.913] [Render thread/DEBUG] [net.minecraftforge.registries.ForgeRegistry/REGISTRIES]: Registry minecraft:block: Fixed minecraft:block id mismatch powah:energy_cell_niotic: 1007 (init) -> 1009 (map).
[01Oct2026 17:29:31.913] [Render thread/DEBUG] [net.minecraftforge.registries.ForgeRegistry/REGISTRIES]: Registry minecraft:block: Fixed minecraft:block id mismatch powah:energy_cell_nitro: 1009 (init) -> 1011 (map).
[01Oct2026 17:29:31.913] [Render thread/DEBUG] [net.minecraftforge.registries.ForgeRegistry/REGISTRIES]: Registry minecraft:block: Fixed minecraft:block id mismatch powah:energy_cell_spirited: 1008 (init) -> 1010 (map).
[01Oct2026 17:29:31.913] [Render thread/DEBUG] [net.minecraftforge.registries.ForgeRegistry/REGISTRIES]: Registry minecraft:block: Fixed minecraft:block id mismatch powah:energy_cell_starter: 1003 (init) -> 1005 (map).
[01Oct2026 17:29:31.913] [Render thread/DEBUG] [net.minecraftforge.registries.ForgeRegistry/REGISTRIES]: Registry minecraft:block: Fixed minecraft:block id mismatch powah:energy_discharger_basic: 1090 (init) -> 1092 (map).
[01Oct2026 17:29:31.913] [Render thread/DEBUG] [net.minecraftforge.registries.ForgeRegistry/REGISTRIES]: Registry minecraft:block: Fixed minecraft:block id mismatch powah:energy_discharger_blazing: 1092 (init) -> 1094 (map).
[01Oct2026 17:29:31.913] [Render thread/DEBUG] [net.minecraftforge.registries.ForgeRegistry/REGISTRIES]: Registry minecraft:block: Fixed minecraft:block id mismatch powah:energy_discharger_hardened: 1091 (init) -> 1093 (map).
[01Oct2026 17:29:31.913] [Render thread/DEBUG] [net.minecraftforge.registries.ForgeRegistry/REGISTRIES]: Registry minecraft:block: Fixed minecraft:block id mismatch powah:energy_discharger_niotic: 1093 (init) -> 1095 (map).
[01Oct2026 17:29:31.913] [Render thread/DEBUG] [net.minecraftforge.registries.ForgeRegistry/REGISTRIES]: Registry minecraft:block: Fixed minecraft:block id mismatch powah:energy_discharger_nitro: 1095 (init) -> 1097 (map).
[01Oct2026 17:29:31.913] [Render thread/DEBUG] [net.minecraftforge.registries.ForgeRegistry/REGISTRIES]: Registry minecraft:block: Fixed minecraft:block id mismatch powah:energy_discharger_spirited: 1094 (init) -> 1096 (map).
[01Oct2026 17:29:31.913] [Render thread/DEBUG] [net.minecraftforge.registries.ForgeRegistry/REGISTRIES]: Registry minecraft:block: Fixed minecraft:block id mismatch powah:energy_discharger_starter: 1089 (init) -> 1091 (map).
[01Oct2026 17:29:31.913] [Render thread/DEBUG] [net.minecraftforge.registries.ForgeRegistry/REGISTRIES]: Registry minecraft:block: Fixed minecraft:block id mismatch powah:energy_hopper_basic: 1083 (init) -> 1085 (map).
[01Oct2026 17:29:31.913] [Render thread/DEBUG] [net.minecraftforge.registries.ForgeRegistry/REGISTRIES]: Registry minecraft:block: Fixed minecraft:block id mismatch powah:energy_hopper_blazing: 1085 (init) -> 1087 (map).
[01Oct2026 17:29:31.913] [Render thread/DEBUG] [net.minecraftforge.registries.ForgeRegistry/REGISTRIES]: Registry minecraft:block: Fixed minecraft:block id mismatch powah:energy_hopper_hardened: 1084 (init) -> 1086 (map).
[01Oct2026 17:29:31.913] [Render thread/DEBUG] [net.minecraftforge.registries.ForgeRegistry/REGISTRIES]: Registry minecraft:block: Fixed minecraft:block id mismatch powah:energy_hopper_niotic: 1086 (init) -> 1088 (map).
[01Oct2026 17:29:31.913] [Render thread/DEBUG] [net.minecraftforge.registries.ForgeRegistry/REGISTRIES]: Registry minecraft:block: Fixed minecraft:block id mismatch powah:energy_hopper_nitro: 1088 (init) -> 1090 (map).
[01Oct2026 17:29:31.913] [Render thread/DEBUG] [net.minecraftforge.registries.ForgeRegistry/REGISTRIES]: Registry minecraft:block: Fixed minecraft:block id mismatch powah:energy_hopper_spirited: 1087 (init) -> 1089 (map).
[01Oct2026 17:29:31.913] [Render thread/DEBUG] [net.minecraftforge.registries.ForgeRegistry/REGISTRIES]: Registry minecraft:block: Fixed minecraft:block id mismatch powah:energy_hopper_starter: 1082 (init) -> 1084 (map).
[01Oct2026 17:29:31.913] [Render thread/DEBUG] [net.minecraftforge.registries.ForgeRegistry/REGISTRIES]: Registry minecraft:block: Fixed minecraft:block id mismatch powah:furnator_basic: 1041 (init) -> 1043 (map).
[01Oct2026 17:29:31.913] [Render thread/DEBUG] [net.minecraftforge.registries.ForgeRegistry/REGISTRIES]: Registry minecraft:block: Fixed minecraft:block id mismatch powah:furnator_blazing: 1043 (init) -> 1045 (map).
[01Oct2026 17:29:31.913] [Render thread/DEBUG] [net.minecraftforge.registries.ForgeRegistry/REGISTRIES]: Registry minecraft:block: Fixed minecraft:block id mismatch powah:furnator_hardened: 1042 (init) -> 1044 (map).
[01Oct2026 17:29:31.913] [Render thread/DEBUG] [net.minecraftforge.registries.ForgeRegistry/REGISTRIES]: Registry minecraft:block: Fixed minecraft:block id mismatch powah:furnator_niotic: 1044 (init) -> 1046 (map).
[01Oct2026 17:29:31.913] [Render thread/DEBUG] [net.minecraftforge.registries.ForgeRegistry/REGISTRIES]: Registry minecraft:block: Fixed minecraft:block id mismatch powah:furnator_nitro: 1046 (init) -> 1048 (map).
[01Oct2026 17:29:31.913] [Render thread/DEBUG] [net.minecraftforge.registries.ForgeRegistry/REGISTRIES]: Registry minecraft:block: Fixed minecraft:block id mismatch powah:furnator_spirited: 1045 (init) -> 1047 (map).
[01Oct2026 17:29:31.913] [Render thread/DEBUG] [net.minecraftforge.registries.ForgeRegistry/REGISTRIES]: Registry minecraft:block: Fixed minecraft:block id mismatch powah:furnator_starter: 1040 (init) -> 1042 (map).
[01Oct2026 17:29:31.913] [Render thread/DEBUG] [net.minecraftforge.registries.ForgeRegistry/REGISTRIES]: Registry minecraft:block: Fixed minecraft:block id mismatch powah:magmator_basic: 1048 (init) -> 1050 (map).
[01Oct2026 17:29:31.913] [Render thread/DEBUG] [net.minecraftforge.registries.ForgeRegistry/REGISTRIES]: Registry minecraft:block: Fixed minecraft:block id mismatch powah:magmator_blazing: 1050 (init) -> 1052 (map).
[01Oct2026 17:29:31.913] [Render thread/DEBUG] [net.minecraftforge.registries.ForgeRegistry/REGISTRIES]: Registry minecraft:block: Fixed minecraft:block id mismatch powah:magmator_hardened: 1049 (init) -> 1051 (map).
[01Oct2026 17:29:31.913] [Render thread/DEBUG] [net.minecraftforge.registries.ForgeRegistry/REGISTRIES]: Registry minecraft:block: Fixed minecraft:block id mismatch powah:magmator_niotic: 1051 (init) -> 1053 (map).
[01Oct2026 17:29:31.913] [Render thread/DEBUG] [net.minecraftforge.registries.ForgeRegistry/REGISTRIES]: Registry minecraft:block: Fixed minecraft:block id mismatch powah:magmator_nitro: 1053 (init) -> 1055 (map).
[01Oct2026 17:29:31.913] [Render thread/DEBUG] [net.minecraftforge.registries.ForgeRegistry/REGISTRIES]: Registry minecraft:block: Fixed minecraft:block id mismatch powah:magmator_spirited: 1052 (init) -> 1054 (map).
[01Oct2026 17:29:31.913] [Render thread/DEBUG] [net.minecraftforge.registries.ForgeRegistry/REGISTRIES]: Registry minecraft:block: Fixed minecraft:block id mismatch powah:magmator_starter: 1047 (init) -> 1049 (map).
[01Oct2026 17:29:31.913] [Render thread/DEBUG] [net.minecraftforge.registries.ForgeRegistry/REGISTRIES]: Registry minecraft:block: Fixed minecraft:block id mismatch powah:niotic_crystal_block: 1098 (init) -> 1100 (map).
[01Oct2026 17:29:31.913] [Render thread/DEBUG] [net.minecraftforge.registries.ForgeRegistry/REGISTRIES]: Registry minecraft:block: Fixed minecraft:block id mismatch powah:nitro_crystal_block: 1100 (init) -> 1102 (map).
[01Oct2026 17:29:31.913] [Render thread/DEBUG] [net.minecraftforge.registries.ForgeRegistry/REGISTRIES]: Registry minecraft:block: Fixed minecraft:block id mismatch powah:player_transmitter_basic: 1076 (init) -> 1078 (map).
[01Oct2026 17:29:31.913] [Render thread/DEBUG] [net.minecraftforge.registries.ForgeRegistry/REGISTRIES]: Registry minecraft:block: Fixed minecraft:block id mismatch powah:player_transmitter_blazing: 1078 (init) -> 1080 (map).
[01Oct2026 17:29:31.913] [Render thread/DEBUG] [net.minecraftforge.registries.ForgeRegistry/REGISTRIES]: Registry minecraft:block: Fixed minecraft:block id mismatch powah:player_transmitter_hardened: 1077 (init) -> 1079 (map).
[01Oct2026 17:29:31.913] [Render thread/DEBUG] [net.minecraftforge.registries.ForgeRegistry/REGISTRIES]: Registry minecraft:block: Fixed minecraft:block id mismatch powah:player_transmitter_niotic: 1079 (init) -> 1081 (map).
[01Oct2026 17:29:31.913] [Render thread/DEBUG] [net.minecraftforge.registries.ForgeRegistry/REGISTRIES]: Registry minecraft:block: Fixed minecraft:block id mismatch powah:player_transmitter_nitro: 1081 (init) -> 1083 (map).
[01Oct2026 17:29:31.913] [Render thread/DEBUG] [net.minecraftforge.registries.ForgeRegistry/REGISTRIES]: Registry minecraft:block: Fixed minecraft:block id mismatch powah:player_transmitter_spirited: 1080 (init) -> 1082 (map).
[01Oct2026 17:29:31.913] [Render thread/DEBUG] [net.minecraftforge.registries.ForgeRegistry/REGISTRIES]: Registry minecraft:block: Fixed minecraft:block id mismatch powah:player_transmitter_starter: 1075 (init) -> 1077 (map).
[01Oct2026 17:29:31.913] [Render thread/DEBUG] [net.minecraftforge.registries.ForgeRegistry/REGISTRIES]: Registry minecraft:block: Fixed minecraft:block id mismatch powah:reactor_basic: 1069 (init) -> 1071 (map).
[01Oct2026 17:29:31.913] [Render thread/DEBUG] [net.minecraftforge.registries.ForgeRegistry/REGISTRIES]: Registry minecraft:block: Fixed minecraft:block id mismatch powah:reactor_blazing: 1071 (init) -> 1073 (map).
[01Oct2026 17:29:31.913] [Render thread/DEBUG] [net.minecraftforge.registries.ForgeRegistry/REGISTRIES]: Registry minecraft:block: Fixed minecraft:block id mismatch powah:reactor_hardened: 1070 (init) -> 1072 (map).
[01Oct2026 17:29:31.915] [Render thread/DEBUG] [net.minecraftforge.registries.ForgeRegistry/REGISTRIES]: Registry minecraft:block: Fixed minecraft:block id mismatch powah:reactor_niotic: 1072 (init) -> 1074 (map).
[01Oct2026 17:29:31.915] [Render thread/DEBUG] [net.minecraftforge.registries.ForgeRegistry/REGISTRIES]: Registry minecraft:block: Fixed minecraft:block id mismatch powah:reactor_nitro: 1074 (init) -> 1076 (map).
[01Oct2026 17:29:31.915] [Render thread/DEBUG] [net.minecraftforge.registries.ForgeRegistry/REGISTRIES]: Registry minecraft:block: Fixed minecraft:block id mismatch powah:reactor_spirited: 1073 (init) -> 1075 (map).
[01Oct2026 17:29:31.915] [Render thread/DEBUG] [net.minecraftforge.registries.ForgeRegistry/REGISTRIES]: Registry minecraft:block: Fixed minecraft:block id mismatch powah:reactor_starter: 1068 (init) -> 1070 (map).
[01Oct2026 17:29:31.915] [Render thread/DEBUG] [net.minecraftforge.registries.ForgeRegistry/REGISTRIES]: Registry minecraft:block: Fixed minecraft:block id mismatch powah:solar_panel_basic: 1062 (init) -> 1064 (map).
[01Oct2026 17:29:31.915] [Render thread/DEBUG] [net.minecraftforge.registries.ForgeRegistry/REGISTRIES]: Registry minecraft:block: Fixed minecraft:block id mismatch powah:solar_panel_blazing: 1064 (init) -> 1066 (map).
[01Oct2026 17:29:31.915] [Render thread/DEBUG] [net.minecraftforge.registries.ForgeRegistry/REGISTRIES]: Registry minecraft:block: Fixed minecraft:block id mismatch powah:solar_panel_hardened: 1063 (init) -> 1065 (map).
[01Oct2026 17:29:31.915] [Render thread/DEBUG] [net.minecraftforge.registries.ForgeRegistry/REGISTRIES]: Registry minecraft:block: Fixed minecraft:block id mismatch powah:solar_panel_niotic: 1065 (init) -> 1067 (map).
[01Oct2026 17:29:31.915] [Render thread/DEBUG] [net.minecraftforge.registries.ForgeRegistry/REGISTRIES]: Registry minecraft:block: Fixed minecraft:block id mismatch powah:solar_panel_nitro: 1067 (init) -> 1069 (map).
[01Oct2026 17:29:31.915] [Render thread/DEBUG] [net.minecraftforge.registries.ForgeRegistry/REGISTRIES]: Registry minecraft:block: Fixed minecraft:block id mismatch powah:solar_panel_spirited: 1066 (init) -> 1068 (map).
[01Oct2026 17:29:31.915] [Render thread/DEBUG] [net.minecraftforge.registries.ForgeRegistry/REGISTRIES]: Registry minecraft:block: Fixed minecraft:block id mismatch powah:solar_panel_starter: 1061 (init) -> 1063 (map).
[01Oct2026 17:29:31.915] [Render thread/DEBUG] [net.minecraftforge.registries.ForgeRegistry/REGISTRIES]: Registry minecraft:block: Fixed minecraft:block id mismatch powah:spirited_crystal_block: 1099 (init) -> 1101 (map).
[01Oct2026 17:29:31.915] [Render thread/DEBUG] [net.minecraftforge.registries.ForgeRegistry/REGISTRIES]: Registry minecraft:block: Fixed minecraft:block id mismatch powah:thermo_generator_basic: 1055 (init) -> 1057 (map).
[01Oct2026 17:29:31.915] [Render thread/DEBUG] [net.minecraftforge.registries.ForgeRegistry/REGISTRIES]: Registry minecraft:block: Fixed minecraft:block id mismatch powah:thermo_generator_blazing: 1057 (init) -> 1059 (map).
[01Oct2026 17:29:31.915] [Render thread/DEBUG] [net.minecraftforge.registries.ForgeRegistry/REGISTRIES]: Registry minecraft:block: Fixed minecraft:block id mismatch powah:thermo_generator_hardened: 1056 (init) -> 1058 (map).
[01Oct2026 17:29:31.915] [Render thread/DEBUG] [net.minecraftforge.registries.ForgeRegistry/REGISTRIES]: Registry minecraft:block: Fixed minecraft:block id mismatch powah:thermo_generator_niotic: 1058 (init) -> 1060 (map).
[01Oct2026 17:29:31.915] [Render thread/DEBUG] [net.minecraftforge.registries.ForgeRegistry/REGISTRIES]: Registry minecraft:block: Fixed minecraft:block id mismatch powah:thermo_generator_nitro: 1060 (init) -> 1062 (map).
[01Oct2026 17:29:31.915] [Render thread/DEBUG] [net.minecraftforge.registries.ForgeRegistry/REGISTRIES]: Registry minecraft:block: Fixed minecraft:block id mismatch powah:thermo_generator_spirited: 1059 (init) -> 1061 (map).
[01Oct2026 17:29:31.915] [Render thread/DEBUG] [net.minecraftforge.registries.ForgeRegistry/REGISTRIES]: Registry minecraft:block: Fixed minecraft:block id mismatch powah:thermo_generator_starter: 1054 (init) -> 1056 (map).
[01Oct2026 17:29:31.915] [Render thread/DEBUG] [net.minecraftforge.registries.ForgeRegistry/REGISTRIES]: Registry minecraft:block: Fixed minecraft:block id mismatch powah:uraninite_block: 1101 (init) -> 1103 (map).
[01Oct2026 17:29:31.915] [Render thread/DEBUG] [net.minecraftforge.registries.ForgeRegistry/REGISTRIES]: Registry minecraft:block: Fixed minecraft:block id mismatch powah:uraninite_ore: 1106 (init) -> 1108 (map).
[01Oct2026 17:29:31.915] [Render thread/DEBUG] [net.minecraftforge.registries.ForgeRegistry/REGISTRIES]: Registry minecraft:block: Fixed minecraft:block id mismatch powah:uraninite_ore_dense: 1107 (init) -> 1109 (map).
[01Oct2026 17:29:31.915] [Render thread/DEBUG] [net.minecraftforge.registries.ForgeRegistry/REGISTRIES]: Registry minecraft:block: Fixed minecraft:block id mismatch powah:uraninite_ore_poor: 1105 (init) -> 1107 (map).
[01Oct2026 17:29:31.915] [Render thread/DEBUG] [net.minecraftforge.registries.ForgeRegistry/REGISTRIES]: Registry minecraft:block: Fixed minecraft:block id mismatch rgbdeco:rgb_block: 1109 (init) -> 1003 (map).
[01Oct2026 17:29:31.915] [Render thread/DEBUG] [net.minecraftforge.registries.ForgeRegistry/REGISTRIES]: Registry minecraft:block: Fixed minecraft:block id mismatch rgbdeco:rgb_controller: 1110 (init) -> 1004 (map).
[01Oct2026 17:29:31.922] [Render thread/DEBUG] [net.minecraftforge.registries.ForgeRegistry/REGISTRIES]: Registry minecraft:item: Fixed minecraft:item id mismatch powah:aerial_pearl: 1272 (init) -> 1274 (map).
[01Oct2026 17:29:31.922] [Render thread/DEBUG] [net.minecraftforge.registries.ForgeRegistry/REGISTRIES]: Registry minecraft:item: Fixed minecraft:item id mismatch powah:battery_basic: 1266 (init) -> 1268 (map).
[01Oct2026 17:29:31.922] [Render thread/DEBUG] [net.minecraftforge.registries.ForgeRegistry/REGISTRIES]: Registry minecraft:item: Fixed minecraft:item id mismatch powah:battery_blazing: 1268 (init) -> 1270 (map).
[01Oct2026 17:29:31.922] [Render thread/DEBUG] [net.minecraftforge.registries.ForgeRegistry/REGISTRIES]: Registry minecraft:item: Fixed minecraft:item id mismatch powah:battery_hardened: 1267 (init) -> 1269 (map).
[01Oct2026 17:29:31.922] [Render thread/DEBUG] [net.minecraftforge.registries.ForgeRegistry/REGISTRIES]: Registry minecraft:item: Fixed minecraft:item id mismatch powah:battery_niotic: 1269 (init) -> 1271 (map).
[01Oct2026 17:29:31.922] [Render thread/DEBUG] [net.minecraftforge.registries.ForgeRegistry/REGISTRIES]: Registry minecraft:item: Fixed minecraft:item id mismatch powah:battery_nitro: 1271 (init) -> 1273 (map).
[01Oct2026 17:29:31.922] [Render thread/DEBUG] [net.minecraftforge.registries.ForgeRegistry/REGISTRIES]: Registry minecraft:item: Fixed minecraft:item id mismatch powah:battery_spirited: 1270 (init) -> 1272 (map).
[01Oct2026 17:29:31.922] [Render thread/DEBUG] [net.minecraftforge.registries.ForgeRegistry/REGISTRIES]: Registry minecraft:item: Fixed minecraft:item id mismatch powah:battery_starter: 1265 (init) -> 1267 (map).
[01Oct2026 17:29:31.922] [Render thread/DEBUG] [net.minecraftforge.registries.ForgeRegistry/REGISTRIES]: Registry minecraft:item: Fixed minecraft:item id mismatch powah:binding_card: 1275 (init) -> 1277 (map).
[01Oct2026 17:29:31.922] [Render thread/DEBUG] [net.minecraftforge.registries.ForgeRegistry/REGISTRIES]: Registry minecraft:item: Fixed minecraft:item id mismatch powah:binding_card_dim: 1276 (init) -> 1278 (map).
[01Oct2026 17:29:31.922] [Render thread/DEBUG] [net.minecraftforge.registries.ForgeRegistry/REGISTRIES]: Registry minecraft:item: Fixed minecraft:item id mismatch powah:blank_card: 1274 (init) -> 1276 (map).
[01Oct2026 17:29:31.922] [Render thread/DEBUG] [net.minecraftforge.registries.ForgeRegistry/REGISTRIES]: Registry minecraft:item: Fixed minecraft:item id mismatch powah:blazing_crystal_block: 1387 (init) -> 1389 (map).
[01Oct2026 17:29:31.922] [Render thread/DEBUG] [net.minecraftforge.registries.ForgeRegistry/REGISTRIES]: Registry minecraft:item: Fixed minecraft:item id mismatch powah:book: 1255 (init) -> 1257 (map).
[01Oct2026 17:29:31.922] [Render thread/DEBUG] [net.minecraftforge.registries.ForgeRegistry/REGISTRIES]: Registry minecraft:item: Fixed minecraft:item id mismatch powah:capacitor_basic: 1258 (init) -> 1260 (map).
[01Oct2026 17:29:31.922] [Render thread/DEBUG] [net.minecraftforge.registries.ForgeRegistry/REGISTRIES]: Registry minecraft:item: Fixed minecraft:item id mismatch powah:capacitor_basic_large: 1259 (init) -> 1261 (map).
[01Oct2026 17:29:31.922] [Render thread/DEBUG] [net.minecraftforge.registries.ForgeRegistry/REGISTRIES]: Registry minecraft:item: Fixed minecraft:item id mismatch powah:capacitor_basic_tiny: 1257 (init) -> 1259 (map).
[01Oct2026 17:29:31.922] [Render thread/DEBUG] [net.minecraftforge.registries.ForgeRegistry/REGISTRIES]: Registry minecraft:item: Fixed minecraft:item id mismatch powah:capacitor_blazing: 1261 (init) -> 1263 (map).
[01Oct2026 17:29:31.922] [Render thread/DEBUG] [net.minecraftforge.registries.ForgeRegistry/REGISTRIES]: Registry minecraft:item: Fixed minecraft:item id mismatch powah:capacitor_hardened: 1260 (init) -> 1262 (map).
[01Oct2026 17:29:31.922] [Render thread/DEBUG] [net.minecraftforge.registries.ForgeRegistry/REGISTRIES]: Registry minecraft:item: Fixed minecraft:item id mismatch powah:capacitor_niotic: 1262 (init) -> 1264 (map).
[01Oct2026 17:29:31.922] [Render thread/DEBUG] [net.minecraftforge.registries.ForgeRegistry/REGISTRIES]: Registry minecraft:item: Fixed minecraft:item id mismatch powah:capacitor_nitro: 1264 (init) -> 1266 (map).
[01Oct2026 17:29:31.922] [Render thread/DEBUG] [net.minecraftforge.registries.ForgeRegistry/REGISTRIES]: Registry minecraft:item: Fixed minecraft:item id mismatch powah:capacitor_spirited: 1263 (init) -> 1265 (map).
[01Oct2026 17:29:31.922] [Render thread/DEBUG] [net.minecraftforge.registries.ForgeRegistry/REGISTRIES]: Registry minecraft:item: Fixed minecraft:item id mismatch powah:charged_snowball: 1290 (init) -> 1292 (map).
[01Oct2026 17:29:31.922] [Render thread/DEBUG] [net.minecraftforge.registries.ForgeRegistry/REGISTRIES]: Registry minecraft:item: Fixed minecraft:item id mismatch powah:crystal_blazing: 1285 (init) -> 1287 (map).
[01Oct2026 17:29:31.922] [Render thread/DEBUG] [net.minecraftforge.registries.ForgeRegistry/REGISTRIES]: Registry minecraft:item: Fixed minecraft:item id mismatch powah:crystal_niotic: 1286 (init) -> 1288 (map).
[01Oct2026 17:29:31.922] [Render thread/DEBUG] [net.minecraftforge.registries.ForgeRegistry/REGISTRIES]: Registry minecraft:item: Fixed minecraft:item id mismatch powah:crystal_nitro: 1288 (init) -> 1290 (map).
[01Oct2026 17:29:31.922] [Render thread/DEBUG] [net.minecraftforge.registries.ForgeRegistry/REGISTRIES]: Registry minecraft:item: Fixed minecraft:item id mismatch powah:crystal_spirited: 1287 (init) -> 1289 (map).
[01Oct2026 17:29:31.922] [Render thread/DEBUG] [net.minecraftforge.registries.ForgeRegistry/REGISTRIES]: Registry minecraft:item: Fixed minecraft:item id mismatch powah:deepslate_uraninite_ore: 1393 (init) -> 1395 (map).
[01Oct2026 17:29:31.922] [Render thread/DEBUG] [net.minecraftforge.registries.ForgeRegistry/REGISTRIES]: Registry minecraft:item: Fixed minecraft:item id mismatch powah:deepslate_uraninite_ore_dense: 1394 (init) -> 1396 (map).
[01Oct2026 17:29:31.922] [Render thread/DEBUG] [net.minecraftforge.registries.ForgeRegistry/REGISTRIES]: Registry minecraft:item: Fixed minecraft:item id mismatch powah:deepslate_uraninite_ore_poor: 1392 (init) -> 1394 (map).
[01Oct2026 17:29:31.922] [Render thread/DEBUG] [net.minecraftforge.registries.ForgeRegistry/REGISTRIES]: Registry minecraft:item: Fixed minecraft:item id mismatch powah:dielectric_casing: 1283 (init) -> 1285 (map).
[01Oct2026 17:29:31.922] [Render thread/DEBUG] [net.minecraftforge.registries.ForgeRegistry/REGISTRIES]: Registry minecraft:item: Fixed minecraft:item id mismatch powah:dielectric_paste: 1280 (init) -> 1282 (map).
[01Oct2026 17:29:31.922] [Render thread/DEBUG] [net.minecraftforge.registries.ForgeRegistry/REGISTRIES]: Registry minecraft:item: Fixed minecraft:item id mismatch powah:dielectric_rod: 1281 (init) -> 1283 (map).
[01Oct2026 17:29:31.922] [Render thread/DEBUG] [net.minecraftforge.registries.ForgeRegistry/REGISTRIES]: Registry minecraft:item: Fixed minecraft:item id mismatch powah:dielectric_rod_horizontal: 1282 (init) -> 1284 (map).
[01Oct2026 17:29:31.922] [Render thread/DEBUG] [net.minecraftforge.registries.ForgeRegistry/REGISTRIES]: Registry minecraft:item: Fixed minecraft:item id mismatch powah:dry_ice: 1398 (init) -> 1400 (map).
[01Oct2026 17:29:31.922] [Render thread/DEBUG] [net.minecraftforge.registries.ForgeRegistry/REGISTRIES]: Registry minecraft:item: Fixed minecraft:item id mismatch powah:ender_cell_basic: 1302 (init) -> 1304 (map).
[01Oct2026 17:29:31.922] [Render thread/DEBUG] [net.minecraftforge.registries.ForgeRegistry/REGISTRIES]: Registry minecraft:item: Fixed minecraft:item id mismatch powah:ender_cell_blazing: 1304 (init) -> 1306 (map).
[01Oct2026 17:29:31.922] [Render thread/DEBUG] [net.minecraftforge.registries.ForgeRegistry/REGISTRIES]: Registry minecraft:item: Fixed minecraft:item id mismatch powah:ender_cell_hardened: 1303 (init) -> 1305 (map).
[01Oct2026 17:29:31.922] [Render thread/DEBUG] [net.minecraftforge.registries.ForgeRegistry/REGISTRIES]: Registry minecraft:item: Fixed minecraft:item id mismatch powah:ender_cell_niotic: 1305 (init) -> 1307 (map).
[01Oct2026 17:29:31.922] [Render thread/DEBUG] [net.minecraftforge.registries.ForgeRegistry/REGISTRIES]: Registry minecraft:item: Fixed minecraft:item id mismatch powah:ender_cell_nitro: 1307 (init) -> 1309 (map).
[01Oct2026 17:29:31.922] [Render thread/DEBUG] [net.minecraftforge.registries.ForgeRegistry/REGISTRIES]: Registry minecraft:item: Fixed minecraft:item id mismatch powah:ender_cell_spirited: 1306 (init) -> 1308 (map).
[01Oct2026 17:29:31.922] [Render thread/DEBUG] [net.minecraftforge.registries.ForgeRegistry/REGISTRIES]: Registry minecraft:item: Fixed minecraft:item id mismatch powah:ender_cell_starter: 1301 (init) -> 1303 (map).
[01Oct2026 17:29:31.923] [Render thread/DEBUG] [net.minecraftforge.registries.ForgeRegistry/REGISTRIES]: Registry minecraft:item: Fixed minecraft:item id mismatch powah:ender_core: 1289 (init) -> 1291 (map).
[01Oct2026 17:29:31.923] [Render thread/DEBUG] [net.minecraftforge.registries.ForgeRegistry/REGISTRIES]: Registry minecraft:item: Fixed minecraft:item id mismatch powah:ender_gate_basic: 1316 (init) -> 1318 (map).
[01Oct2026 17:29:31.923] [Render thread/DEBUG] [net.minecraftforge.registries.ForgeRegistry/REGISTRIES]: Registry minecraft:item: Fixed minecraft:item id mismatch powah:ender_gate_blazing: 1318 (init) -> 1320 (map).
[01Oct2026 17:29:31.923] [Render thread/DEBUG] [net.minecraftforge.registries.ForgeRegistry/REGISTRIES]: Registry minecraft:item: Fixed minecraft:item id mismatch powah:ender_gate_hardened: 1317 (init) -> 1319 (map).
[01Oct2026 17:29:31.923] [Render thread/DEBUG] [net.minecraftforge.registries.ForgeRegistry/REGISTRIES]: Registry minecraft:item: Fixed minecraft:item id mismatch powah:ender_gate_niotic: 1319 (init) -> 1321 (map).
[01Oct2026 17:29:31.923] [Render thread/DEBUG] [net.minecraftforge.registries.ForgeRegistry/REGISTRIES]: Registry minecraft:item: Fixed minecraft:item id mismatch powah:ender_gate_nitro: 1321 (init) -> 1323 (map).
[01Oct2026 17:29:31.923] [Render thread/DEBUG] [net.minecraftforge.registries.ForgeRegistry/REGISTRIES]: Registry minecraft:item: Fixed minecraft:item id mismatch powah:ender_gate_spirited: 1320 (init) -> 1322 (map).
[01Oct2026 17:29:31.923] [Render thread/DEBUG] [net.minecraftforge.registries.ForgeRegistry/REGISTRIES]: Registry minecraft:item: Fixed minecraft:item id mismatch powah:ender_gate_starter: 1315 (init) -> 1317 (map).
[01Oct2026 17:29:31.923] [Render thread/DEBUG] [net.minecraftforge.registries.ForgeRegistry/REGISTRIES]: Registry minecraft:item: Fixed minecraft:item id mismatch powah:energized_steel_block: 1386 (init) -> 1388 (map).
[01Oct2026 17:29:31.923] [Render thread/DEBUG] [net.minecraftforge.registries.ForgeRegistry/REGISTRIES]: Registry minecraft:item: Fixed minecraft:item id mismatch powah:energizing_orb: 1322 (init) -> 1324 (map).
[01Oct2026 17:29:31.923] [Render thread/DEBUG] [net.minecraftforge.registries.ForgeRegistry/REGISTRIES]: Registry minecraft:item: Fixed minecraft:item id mismatch powah:energizing_rod_basic: 1324 (init) -> 1326 (map).
[01Oct2026 17:29:31.923] [Render thread/DEBUG] [net.minecraftforge.registries.ForgeRegistry/REGISTRIES]: Registry minecraft:item: Fixed minecraft:item id mismatch powah:energizing_rod_blazing: 1326 (init) -> 1328 (map).
[01Oct2026 17:29:31.923] [Render thread/DEBUG] [net.minecraftforge.registries.ForgeRegistry/REGISTRIES]: Registry minecraft:item: Fixed minecraft:item id mismatch powah:energizing_rod_hardened: 1325 (init) -> 1327 (map).
[01Oct2026 17:29:31.923] [Render thread/DEBUG] [net.minecraftforge.registries.ForgeRegistry/REGISTRIES]: Registry minecraft:item: Fixed minecraft:item id mismatch powah:energizing_rod_niotic: 1327 (init) -> 1329 (map).
[01Oct2026 17:29:31.923] [Render thread/DEBUG] [net.minecraftforge.registries.ForgeRegistry/REGISTRIES]: Registry minecraft:item: Fixed minecraft:item id mismatch powah:energizing_rod_nitro: 1329 (init) -> 1331 (map).
[01Oct2026 17:29:31.923] [Render thread/DEBUG] [net.minecraftforge.registries.ForgeRegistry/REGISTRIES]: Registry minecraft:item: Fixed minecraft:item id mismatch powah:energizing_rod_spirited: 1328 (init) -> 1330 (map).
[01Oct2026 17:29:31.923] [Render thread/DEBUG] [net.minecraftforge.registries.ForgeRegistry/REGISTRIES]: Registry minecraft:item: Fixed minecraft:item id mismatch powah:energizing_rod_starter: 1323 (init) -> 1325 (map).
[01Oct2026 17:29:31.923] [Render thread/DEBUG] [net.minecraftforge.registries.ForgeRegistry/REGISTRIES]: Registry minecraft:item: Fixed minecraft:item id mismatch powah:energy_cable_basic: 1309 (init) -> 1311 (map).
[01Oct2026 17:29:31.923] [Render thread/DEBUG] [net.minecraftforge.registries.ForgeRegistry/REGISTRIES]: Registry minecraft:item: Fixed minecraft:item id mismatch powah:energy_cable_blazing: 1311 (init) -> 1313 (map).
[01Oct2026 17:29:31.923] [Render thread/DEBUG] [net.minecraftforge.registries.ForgeRegistry/REGISTRIES]: Registry minecraft:item: Fixed minecraft:item id mismatch powah:energy_cable_hardened: 1310 (init) -> 1312 (map).
[01Oct2026 17:29:31.923] [Render thread/DEBUG] [net.minecraftforge.registries.ForgeRegistry/REGISTRIES]: Registry minecraft:item: Fixed minecraft:item id mismatch powah:energy_cable_niotic: 1312 (init) -> 1314 (map).
[01Oct2026 17:29:31.923] [Render thread/DEBUG] [net.minecraftforge.registries.ForgeRegistry/REGISTRIES]: Registry minecraft:item: Fixed minecraft:item id mismatch powah:energy_cable_nitro: 1314 (init) -> 1316 (map).
[01Oct2026 17:29:31.923] [Render thread/DEBUG] [net.minecraftforge.registries.ForgeRegistry/REGISTRIES]: Registry minecraft:item: Fixed minecraft:item id mismatch powah:energy_cable_spirited: 1313 (init) -> 1315 (map).
[01Oct2026 17:29:31.923] [Render thread/DEBUG] [net.minecraftforge.registries.ForgeRegistry/REGISTRIES]: Registry minecraft:item: Fixed minecraft:item id mismatch powah:energy_cable_starter: 1308 (init) -> 1310 (map).
[01Oct2026 17:29:31.923] [Render thread/DEBUG] [net.minecraftforge.registries.ForgeRegistry/REGISTRIES]: Registry minecraft:item: Fixed minecraft:item id mismatch powah:energy_cell_basic: 1294 (init) -> 1296 (map).
[01Oct2026 17:29:31.923] [Render thread/DEBUG] [net.minecraftforge.registries.ForgeRegistry/REGISTRIES]: Registry minecraft:item: Fixed minecraft:item id mismatch powah:energy_cell_blazing: 1296 (init) -> 1298 (map).
[01Oct2026 17:29:31.923] [Render thread/DEBUG] [net.minecraftforge.registries.ForgeRegistry/REGISTRIES]: Registry minecraft:item: Fixed minecraft:item id mismatch powah:energy_cell_creative: 1300 (init) -> 1302 (map).
[01Oct2026 17:29:31.923] [Render thread/DEBUG] [net.minecraftforge.registries.ForgeRegistry/REGISTRIES]: Registry minecraft:item: Fixed minecraft:item id mismatch powah:energy_cell_hardened: 1295 (init) -> 1297 (map).
[01Oct2026 17:29:31.923] [Render thread/DEBUG] [net.minecraftforge.registries.ForgeRegistry/REGISTRIES]: Registry minecraft:item: Fixed minecraft:item id mismatch powah:energy_cell_niotic: 1297 (init) -> 1299 (map).
[01Oct2026 17:29:31.923] [Render thread/DEBUG] [net.minecraftforge.registries.ForgeRegistry/REGISTRIES]: Registry minecraft:item: Fixed minecraft:item id mismatch powah:energy_cell_nitro: 1299 (init) -> 1301 (map).
[01Oct2026 17:29:31.923] [Render thread/DEBUG] [net.minecraftforge.registries.ForgeRegistry/REGISTRIES]: Registry minecraft:item: Fixed minecraft:item id mismatch powah:energy_cell_spirited: 1298 (init) -> 1300 (map).
[01Oct2026 17:29:31.923] [Render thread/DEBUG] [net.minecraftforge.registries.ForgeRegistry/REGISTRIES]: Registry minecraft:item: Fixed minecraft:item id mismatch powah:energy_cell_starter: 1293 (init) -> 1295 (map).
[01Oct2026 17:29:31.923] [Render thread/DEBUG] [net.minecraftforge.registries.ForgeRegistry/REGISTRIES]: Registry minecraft:item: Fixed minecraft:item id mismatch powah:energy_discharger_basic: 1380 (init) -> 1382 (map).
[01Oct2026 17:29:31.923] [Render thread/DEBUG] [net.minecraftforge.registries.ForgeRegistry/REGISTRIES]: Registry minecraft:item: Fixed minecraft:item id mismatch powah:energy_discharger_blazing: 1382 (init) -> 1384 (map).
[01Oct2026 17:29:31.923] [Render thread/DEBUG] [net.minecraftforge.registries.ForgeRegistry/REGISTRIES]: Registry minecraft:item: Fixed minecraft:item id mismatch powah:energy_discharger_hardened: 1381 (init) -> 1383 (map).
[01Oct2026 17:29:31.923] [Render thread/DEBUG] [net.minecraftforge.registries.ForgeRegistry/REGISTRIES]: Registry minecraft:item: Fixed minecraft:item id mismatch powah:energy_discharger_niotic: 1383 (init) -> 1385 (map).
[01Oct2026 17:29:31.923] [Render thread/DEBUG] [net.minecraftforge.registries.ForgeRegistry/REGISTRIES]: Registry minecraft:item: Fixed minecraft:item id mismatch powah:energy_discharger_nitro: 1385 (init) -> 1387 (map).
[01Oct2026 17:29:31.923] [Render thread/DEBUG] [net.minecraftforge.registries.ForgeRegistry/REGISTRIES]: Registry minecraft:item: Fixed minecraft:item id mismatch powah:energy_discharger_spirited: 1384 (init) -> 1386 (map).
[01Oct2026 17:29:31.923] [Render thread/DEBUG] [net.minecraftforge.registries.ForgeRegistry/REGISTRIES]: Registry minecraft:item: Fixed minecraft:item id mismatch powah:energy_discharger_starter: 1379 (init) -> 1381 (map).
[01Oct2026 17:29:31.923] [Render thread/DEBUG] [net.minecraftforge.registries.ForgeRegistry/REGISTRIES]: Registry minecraft:item: Fixed minecraft:item id mismatch powah:energy_hopper_basic: 1373 (init) -> 1375 (map).
[01Oct2026 17:29:31.923] [Render thread/DEBUG] [net.minecraftforge.registries.ForgeRegistry/REGISTRIES]: Registry minecraft:item: Fixed minecraft:item id mismatch powah:energy_hopper_blazing: 1375 (init) -> 1377 (map).
[01Oct2026 17:29:31.923] [Render thread/DEBUG] [net.minecraftforge.registries.ForgeRegistry/REGISTRIES]: Registry minecraft:item: Fixed minecraft:item id mismatch powah:energy_hopper_hardened: 1374 (init) -> 1376 (map).
[01Oct2026 17:29:31.923] [Render thread/DEBUG] [net.minecraftforge.registries.ForgeRegistry/REGISTRIES]: Registry minecraft:item: Fixed minecraft:item id mismatch powah:energy_hopper_niotic: 1376 (init) -> 1378 (map).
[01Oct2026 17:29:31.923] [Render thread/DEBUG] [net.minecraftforge.registries.ForgeRegistry/REGISTRIES]: Registry minecraft:item: Fixed minecraft:item id mismatch powah:energy_hopper_nitro: 1378 (init) -> 1380 (map).
[01Oct2026 17:29:31.923] [Render thread/DEBUG] [net.minecraftforge.registries.ForgeRegistry/REGISTRIES]: Registry minecraft:item: Fixed minecraft:item id mismatch powah:energy_hopper_spirited: 1377 (init) -> 1379 (map).
[01Oct2026 17:29:31.923] [Render thread/DEBUG] [net.minecraftforge.registries.ForgeRegistry/REGISTRIES]: Registry minecraft:item: Fixed minecraft:item id mismatch powah:energy_hopper_starter: 1372 (init) -> 1374 (map).
[01Oct2026 17:29:31.923] [Render thread/DEBUG] [net.minecraftforge.registries.ForgeRegistry/REGISTRIES]: Registry minecraft:item: Fixed minecraft:item id mismatch powah:furnator_basic: 1331 (init) -> 1333 (map).
[01Oct2026 17:29:31.923] [Render thread/DEBUG] [net.minecraftforge.registries.ForgeRegistry/REGISTRIES]: Registry minecraft:item: Fixed minecraft:item id mismatch powah:furnator_blazing: 1333 (init) -> 1335 (map).
[01Oct2026 17:29:31.923] [Render thread/DEBUG] [net.minecraftforge.registries.ForgeRegistry/REGISTRIES]: Registry minecraft:item: Fixed minecraft:item id mismatch powah:furnator_hardened: 1332 (init) -> 1334 (map).
[01Oct2026 17:29:31.923] [Render thread/DEBUG] [net.minecraftforge.registries.ForgeRegistry/REGISTRIES]: Registry minecraft:item: Fixed minecraft:item id mismatch powah:furnator_niotic: 1334 (init) -> 1336 (map).
[01Oct2026 17:29:31.923] [Render thread/DEBUG] [net.minecraftforge.registries.ForgeRegistry/REGISTRIES]: Registry minecraft:item: Fixed minecraft:item id mismatch powah:furnator_nitro: 1336 (init) -> 1338 (map).
[01Oct2026 17:29:31.923] [Render thread/DEBUG] [net.minecraftforge.registries.ForgeRegistry/REGISTRIES]: Registry minecraft:item: Fixed minecraft:item id mismatch powah:furnator_spirited: 1335 (init) -> 1337 (map).
[01Oct2026 17:29:31.925] [Render thread/DEBUG] [net.minecraftforge.registries.ForgeRegistry/REGISTRIES]: Registry minecraft:item: Fixed minecraft:item id mismatch powah:furnator_starter: 1330 (init) -> 1332 (map).
[01Oct2026 17:29:31.925] [Render thread/DEBUG] [net.minecraftforge.registries.ForgeRegistry/REGISTRIES]: Registry minecraft:item: Fixed minecraft:item id mismatch powah:lens_of_ender: 1277 (init) -> 1279 (map).
[01Oct2026 17:29:31.925] [Render thread/DEBUG] [net.minecraftforge.registries.ForgeRegistry/REGISTRIES]: Registry minecraft:item: Fixed minecraft:item id mismatch powah:magmator_basic: 1338 (init) -> 1340 (map).
[01Oct2026 17:29:31.925] [Render thread/DEBUG] [net.minecraftforge.registries.ForgeRegistry/REGISTRIES]: Registry minecraft:item: Fixed minecraft:item id mismatch powah:magmator_blazing: 1340 (init) -> 1342 (map).
[01Oct2026 17:29:31.925] [Render thread/DEBUG] [net.minecraftforge.registries.ForgeRegistry/REGISTRIES]: Registry minecraft:item: Fixed minecraft:item id mismatch powah:magmator_hardened: 1339 (init) -> 1341 (map).
[01Oct2026 17:29:31.925] [Render thread/DEBUG] [net.minecraftforge.registries.ForgeRegistry/REGISTRIES]: Registry minecraft:item: Fixed minecraft:item id mismatch powah:magmator_niotic: 1341 (init) -> 1343 (map).
[01Oct2026 17:29:31.925] [Render thread/DEBUG] [net.minecraftforge.registries.ForgeRegistry/REGISTRIES]: Registry minecraft:item: Fixed minecraft:item id mismatch powah:magmator_nitro: 1343 (init) -> 1345 (map).
[01Oct2026 17:29:31.925] [Render thread/DEBUG] [net.minecraftforge.registries.ForgeRegistry/REGISTRIES]: Registry minecraft:item: Fixed minecraft:item id mismatch powah:magmator_spirited: 1342 (init) -> 1344 (map).
[01Oct2026 17:29:31.925] [Render thread/DEBUG] [net.minecraftforge.registries.ForgeRegistry/REGISTRIES]: Registry minecraft:item: Fixed minecraft:item id mismatch powah:magmator_starter: 1337 (init) -> 1339 (map).
[01Oct2026 17:29:31.925] [Render thread/DEBUG] [net.minecraftforge.registries.ForgeRegistry/REGISTRIES]: Registry minecraft:item: Fixed minecraft:item id mismatch powah:niotic_crystal_block: 1388 (init) -> 1390 (map).
[01Oct2026 17:29:31.925] [Render thread/DEBUG] [net.minecraftforge.registries.ForgeRegistry/REGISTRIES]: Registry minecraft:item: Fixed minecraft:item id mismatch powah:nitro_crystal_block: 1390 (init) -> 1392 (map).
[01Oct2026 17:29:31.925] [Render thread/DEBUG] [net.minecraftforge.registries.ForgeRegistry/REGISTRIES]: Registry minecraft:item: Fixed minecraft:item id mismatch powah:photoelectric_pane: 1278 (init) -> 1280 (map).
[01Oct2026 17:29:31.925] [Render thread/DEBUG] [net.minecraftforge.registries.ForgeRegistry/REGISTRIES]: Registry minecraft:item: Fixed minecraft:item id mismatch powah:player_aerial_pearl: 1273 (init) -> 1275 (map).
[01Oct2026 17:29:31.925] [Render thread/DEBUG] [net.minecraftforge.registries.ForgeRegistry/REGISTRIES]: Registry minecraft:item: Fixed minecraft:item id mismatch powah:player_transmitter_basic: 1366 (init) -> 1368 (map).
[01Oct2026 17:29:31.925] [Render thread/DEBUG] [net.minecraftforge.registries.ForgeRegistry/REGISTRIES]: Registry minecraft:item: Fixed minecraft:item id mismatch powah:player_transmitter_blazing: 1368 (init) -> 1370 (map).
[01Oct2026 17:29:31.925] [Render thread/DEBUG] [net.minecraftforge.registries.ForgeRegistry/REGISTRIES]: Registry minecraft:item: Fixed minecraft:item id mismatch powah:player_transmitter_hardened: 1367 (init) -> 1369 (map).
[01Oct2026 17:29:31.925] [Render thread/DEBUG] [net.minecraftforge.registries.ForgeRegistry/REGISTRIES]: Registry minecraft:item: Fixed minecraft:item id mismatch powah:player_transmitter_niotic: 1369 (init) -> 1371 (map).
[01Oct2026 17:29:31.925] [Render thread/DEBUG] [net.minecraftforge.registries.ForgeRegistry/REGISTRIES]: Registry minecraft:item: Fixed minecraft:item id mismatch powah:player_transmitter_nitro: 1371 (init) -> 1373 (map).
[01Oct2026 17:29:31.925] [Render thread/DEBUG] [net.minecraftforge.registries.ForgeRegistry/REGISTRIES]: Registry minecraft:item: Fixed minecraft:item id mismatch powah:player_transmitter_spirited: 1370 (init) -> 1372 (map).
[01Oct2026 17:29:31.925] [Render thread/DEBUG] [net.minecraftforge.registries.ForgeRegistry/REGISTRIES]: Registry minecraft:item: Fixed minecraft:item id mismatch powah:player_transmitter_starter: 1365 (init) -> 1367 (map).
[01Oct2026 17:29:31.925] [Render thread/DEBUG] [net.minecraftforge.registries.ForgeRegistry/REGISTRIES]: Registry minecraft:item: Fixed minecraft:item id mismatch powah:reactor_basic: 1359 (init) -> 1361 (map).
[01Oct2026 17:29:31.925] [Render thread/DEBUG] [net.minecraftforge.registries.ForgeRegistry/REGISTRIES]: Registry minecraft:item: Fixed minecraft:item id mismatch powah:reactor_blazing: 1361 (init) -> 1363 (map).
[01Oct2026 17:29:31.925] [Render thread/DEBUG] [net.minecraftforge.registries.ForgeRegistry/REGISTRIES]: Registry minecraft:item: Fixed minecraft:item id mismatch powah:reactor_hardened: 1360 (init) -> 1362 (map).
[01Oct2026 17:29:31.925] [Render thread/DEBUG] [net.minecraftforge.registries.ForgeRegistry/REGISTRIES]: Registry minecraft:item: Fixed minecraft:item id mismatch powah:reactor_niotic: 1362 (init) -> 1364 (map).
[01Oct2026 17:29:31.925] [Render thread/DEBUG] [net.minecraftforge.registries.ForgeRegistry/REGISTRIES]: Registry minecraft:item: Fixed minecraft:item id mismatch powah:reactor_nitro: 1364 (init) -> 1366 (map).
[01Oct2026 17:29:31.925] [Render thread/DEBUG] [net.minecraftforge.registries.ForgeRegistry/REGISTRIES]: Registry minecraft:item: Fixed minecraft:item id mismatch powah:reactor_spirited: 1363 (init) -> 1365 (map).
[01Oct2026 17:29:31.925] [Render thread/DEBUG] [net.minecraftforge.registries.ForgeRegistry/REGISTRIES]: Registry minecraft:item: Fixed minecraft:item id mismatch powah:reactor_starter: 1358 (init) -> 1360 (map).
[01Oct2026 17:29:31.925] [Render thread/DEBUG] [net.minecraftforge.registries.ForgeRegistry/REGISTRIES]: Registry minecraft:item: Fixed minecraft:item id mismatch powah:solar_panel_basic: 1352 (init) -> 1354 (map).
[01Oct2026 17:29:31.925] [Render thread/DEBUG] [net.minecraftforge.registries.ForgeRegistry/REGISTRIES]: Registry minecraft:item: Fixed minecraft:item id mismatch powah:solar_panel_blazing: 1354 (init) -> 1356 (map).
[01Oct2026 17:29:31.925] [Render thread/DEBUG] [net.minecraftforge.registries.ForgeRegistry/REGISTRIES]: Registry minecraft:item: Fixed minecraft:item id mismatch powah:solar_panel_hardened: 1353 (init) -> 1355 (map).
[01Oct2026 17:29:31.925] [Render thread/DEBUG] [net.minecraftforge.registries.ForgeRegistry/REGISTRIES]: Registry minecraft:item: Fixed minecraft:item id mismatch powah:solar_panel_niotic: 1355 (init) -> 1357 (map).
[01Oct2026 17:29:31.925] [Render thread/DEBUG] [net.minecraftforge.registries.ForgeRegistry/REGISTRIES]: Registry minecraft:item: Fixed minecraft:item id mismatch powah:solar_panel_nitro: 1357 (init) -> 1359 (map).
[01Oct2026 17:29:31.925] [Render thread/DEBUG] [net.minecraftforge.registries.ForgeRegistry/REGISTRIES]: Registry minecraft:item: Fixed minecraft:item id mismatch powah:solar_panel_spirited: 1356 (init) -> 1358 (map).
[01Oct2026 17:29:31.925] [Render thread/DEBUG] [net.minecraftforge.registries.ForgeRegistry/REGISTRIES]: Registry minecraft:item: Fixed minecraft:item id mismatch powah:solar_panel_starter: 1351 (init) -> 1353 (map).
[01Oct2026 17:29:31.925] [Render thread/DEBUG] [net.minecraftforge.registries.ForgeRegistry/REGISTRIES]: Registry minecraft:item: Fixed minecraft:item id mismatch powah:spirited_crystal_block: 1389 (init) -> 1391 (map).
[01Oct2026 17:29:31.925] [Render thread/DEBUG] [net.minecraftforge.registries.ForgeRegistry/REGISTRIES]: Registry minecraft:item: Fixed minecraft:item id mismatch powah:steel_energized: 1284 (init) -> 1286 (map).
[01Oct2026 17:29:31.925] [Render thread/DEBUG] [net.minecraftforge.registries.ForgeRegistry/REGISTRIES]: Registry minecraft:item: Fixed minecraft:item id mismatch powah:thermo_generator_basic: 1345 (init) -> 1347 (map).
[01Oct2026 17:29:31.925] [Render thread/DEBUG] [net.minecraftforge.registries.ForgeRegistry/REGISTRIES]: Registry minecraft:item: Fixed minecraft:item id mismatch powah:thermo_generator_blazing: 1347 (init) -> 1349 (map).
[01Oct2026 17:29:31.925] [Render thread/DEBUG] [net.minecraftforge.registries.ForgeRegistry/REGISTRIES]: Registry minecraft:item: Fixed minecraft:item id mismatch powah:thermo_generator_hardened: 1346 (init) -> 1348 (map).
[01Oct2026 17:29:31.925] [Render thread/DEBUG] [net.minecraftforge.registries.ForgeRegistry/REGISTRIES]: Registry minecraft:item: Fixed minecraft:item id mismatch powah:thermo_generator_niotic: 1348 (init) -> 1350 (map).
[01Oct2026 17:29:31.925] [Render thread/DEBUG] [net.minecraftforge.registries.ForgeRegistry/REGISTRIES]: Registry minecraft:item: Fixed minecraft:item id mismatch powah:thermo_generator_nitro: 1350 (init) -> 1352 (map).
[01Oct2026 17:29:31.925] [Render thread/DEBUG] [net.minecraftforge.registries.ForgeRegistry/REGISTRIES]: Registry minecraft:item: Fixed minecraft:item id mismatch powah:thermo_generator_spirited: 1349 (init) -> 1351 (map).
[01Oct2026 17:29:31.925] [Render thread/DEBUG] [net.minecraftforge.registries.ForgeRegistry/REGISTRIES]: Registry minecraft:item: Fixed minecraft:item id mismatch powah:thermo_generator_starter: 1344 (init) -> 1346 (map).
[01Oct2026 17:29:31.925] [Render thread/DEBUG] [net.minecraftforge.registries.ForgeRegistry/REGISTRIES]: Registry minecraft:item: Fixed minecraft:item id mismatch powah:thermoelectric_plate: 1279 (init) -> 1281 (map).
[01Oct2026 17:29:31.925] [Render thread/DEBUG] [net.minecraftforge.registries.ForgeRegistry/REGISTRIES]: Registry minecraft:item: Fixed minecraft:item id mismatch powah:uraninite: 1292 (init) -> 1294 (map).
[01Oct2026 17:29:31.925] [Render thread/DEBUG] [net.minecraftforge.registries.ForgeRegistry/REGISTRIES]: Registry minecraft:item: Fixed minecraft:item id mismatch powah:uraninite_block: 1391 (init) -> 1393 (map).
[01Oct2026 17:29:31.925] [Render thread/DEBUG] [net.minecraftforge.registries.ForgeRegistry/REGISTRIES]: Registry minecraft:item: Fixed minecraft:item id mismatch powah:uraninite_ore: 1396 (init) -> 1398 (map).
[01Oct2026 17:29:31.925] [Render thread/DEBUG] [net.minecraftforge.registries.ForgeRegistry/REGISTRIES]: Registry minecraft:item: Fixed minecraft:item id mismatch powah:uraninite_ore_dense: 1397 (init) -> 1399 (map).
[01Oct2026 17:29:31.926] [Render thread/DEBUG] [net.minecraftforge.registries.ForgeRegistry/REGISTRIES]: Registry minecraft:item: Fixed minecraft:item id mismatch powah:uraninite_ore_poor: 1395 (init) -> 1397 (map).
[01Oct2026 17:29:31.926] [Render thread/DEBUG] [net.minecraftforge.registries.ForgeRegistry/REGISTRIES]: Registry minecraft:item: Fixed minecraft:item id mismatch powah:uraninite_raw: 1291 (init) -> 1293 (map).
[01Oct2026 17:29:31.926] [Render thread/DEBUG] [net.minecraftforge.registries.ForgeRegistry/REGISTRIES]: Registry minecraft:item: Fixed minecraft:item id mismatch powah:wrench: 1256 (init) -> 1258 (map).
[01Oct2026 17:29:31.926] [Render thread/DEBUG] [net.minecraftforge.registries.ForgeRegistry/REGISTRIES]: Registry minecraft:item: Fixed minecraft:item id mismatch rgbdeco:control_component: 1401 (init) -> 1403 (map).
[01Oct2026 17:29:31.926] [Render thread/DEBUG] [net.minecraftforge.registries.ForgeRegistry/REGISTRIES]: Registry minecraft:item: Fixed minecraft:item id mismatch rgbdeco:light_bulb: 1399 (init) -> 1401 (map).
[01Oct2026 17:29:31.926] [Render thread/DEBUG] [net.minecraftforge.registries.ForgeRegistry/REGISTRIES]: Registry minecraft:item: Fixed minecraft:item id mismatch rgbdeco:rgb_block: 1402 (init) -> 1255 (map).
[01Oct2026 17:29:31.926] [Render thread/DEBUG] [net.minecraftforge.registries.ForgeRegistry/REGISTRIES]: Registry minecraft:item: Fixed minecraft:item id mismatch rgbdeco:rgb_controller: 1403 (init) -> 1256 (map).
[01Oct2026 17:29:31.926] [Render thread/DEBUG] [net.minecraftforge.registries.ForgeRegistry/REGISTRIES]: Registry minecraft:item: Fixed minecraft:item id mismatch rgbdeco:rgb_light_bulb: 1400 (init) -> 1402 (map).
[01Oct2026 17:29:31.947] [Render thread/DEBUG] [net.minecraftforge.registries.ForgeRegistry/REGISTRIES]: Registry minecraft:block Sync: ACTIVE -> STAGING
[01Oct2026 17:29:31.951] [Render thread/DEBUG] [net.minecraftforge.registries.ForgeRegistry/REGISTRIES]: Registry minecraft:fluid Sync: ACTIVE -> STAGING
[01Oct2026 17:29:31.951] [Render thread/DEBUG] [net.minecraftforge.registries.ForgeRegistry/REGISTRIES]: Registry minecraft:item Sync: ACTIVE -> STAGING
[01Oct2026 17:29:31.956] [Render thread/DEBUG] [net.minecraftforge.registries.ForgeRegistry/REGISTRIES]: Registry minecraft:mob_effect Sync: ACTIVE -> STAGING
[01Oct2026 17:29:31.956] [Render thread/DEBUG] [net.minecraftforge.registries.ForgeRegistry/REGISTRIES]: Registry minecraft:sound_event Sync: ACTIVE -> STAGING
[01Oct2026 17:29:31.961] [Render thread/DEBUG] [net.minecraftforge.registries.ForgeRegistry/REGISTRIES]: Registry minecraft:potion Sync: ACTIVE -> STAGING
[01Oct2026 17:29:31.961] [Render thread/DEBUG] [net.minecraftforge.registries.ForgeRegistry/REGISTRIES]: Registry minecraft:enchantment Sync: ACTIVE -> STAGING
[01Oct2026 17:29:31.961] [Render thread/DEBUG] [net.minecraftforge.registries.ForgeRegistry/REGISTRIES]: Registry minecraft:entity_type Sync: ACTIVE -> STAGING
[01Oct2026 17:29:31.962] [Render thread/DEBUG] [net.minecraftforge.registries.ForgeRegistry/REGISTRIES]: Registry minecraft:block_entity_type Sync: ACTIVE -> STAGING
[01Oct2026 17:29:31.962] [Render thread/DEBUG] [net.minecraftforge.registries.ForgeRegistry/REGISTRIES]: Registry minecraft:particle_type Sync: ACTIVE -> STAGING
[01Oct2026 17:29:31.962] [Render thread/DEBUG] [net.minecraftforge.registries.ForgeRegistry/REGISTRIES]: Registry minecraft:menu Sync: ACTIVE -> STAGING
[01Oct2026 17:29:31.963] [Render thread/DEBUG] [net.minecraftforge.registries.ForgeRegistry/REGISTRIES]: Registry minecraft:painting_variant Sync: ACTIVE -> STAGING
[01Oct2026 17:29:31.963] [Render thread/DEBUG] [net.minecraftforge.registries.ForgeRegistry/REGISTRIES]: Registry minecraft:recipe_type Sync: ACTIVE -> STAGING
[01Oct2026 17:29:31.963] [Render thread/DEBUG] [net.minecraftforge.registries.ForgeRegistry/REGISTRIES]: Registry minecraft:recipe_serializer Sync: ACTIVE -> STAGING
[01Oct2026 17:29:31.963] [Render thread/DEBUG] [net.minecraftforge.registries.ForgeRegistry/REGISTRIES]: Registry minecraft:attribute Sync: ACTIVE -> STAGING
[01Oct2026 17:29:31.963] [Render thread/DEBUG] [net.minecraftforge.registries.ForgeRegistry/REGISTRIES]: Registry minecraft:stat_type Sync: ACTIVE -> STAGING
[01Oct2026 17:29:31.963] [Render thread/DEBUG] [net.minecraftforge.registries.ForgeRegistry/REGISTRIES]: Registry minecraft:command_argument_type Sync: ACTIVE -> STAGING
[01Oct2026 17:29:31.963] [Render thread/DEBUG] [net.minecraftforge.registries.ForgeRegistry/REGISTRIES]: Registry minecraft:villager_profession Sync: ACTIVE -> STAGING
[01Oct2026 17:29:31.963] [Render thread/DEBUG] [net.minecraftforge.registries.ForgeRegistry/REGISTRIES]: Registry minecraft:point_of_interest_type Sync: ACTIVE -> STAGING
[01Oct2026 17:29:31.964] [Render thread/DEBUG] [net.minecraftforge.registries.ForgeRegistry/REGISTRIES]: Registry minecraft:memory_module_type Sync: ACTIVE -> STAGING
[01Oct2026 17:29:31.964] [Render thread/DEBUG] [net.minecraftforge.registries.ForgeRegistry/REGISTRIES]: Registry minecraft:sensor_type Sync: ACTIVE -> STAGING
[01Oct2026 17:29:31.964] [Render thread/DEBUG] [net.minecraftforge.registries.ForgeRegistry/REGISTRIES]: Registry minecraft:schedule Sync: ACTIVE -> STAGING
[01Oct2026 17:29:31.964] [Render thread/DEBUG] [net.minecraftforge.registries.ForgeRegistry/REGISTRIES]: Registry minecraft:activity Sync: ACTIVE -> STAGING
[01Oct2026 17:29:31.964] [Render thread/DEBUG] [net.minecraftforge.registries.ForgeRegistry/REGISTRIES]: Registry minecraft:worldgen/carver Sync: ACTIVE -> STAGING
[01Oct2026 17:29:31.964] [Render thread/DEBUG] [net.minecraftforge.registries.ForgeRegistry/REGISTRIES]: Registry minecraft:worldgen/feature Sync: ACTIVE -> STAGING
[01Oct2026 17:29:31.964] [Render thread/DEBUG] [net.minecraftforge.registries.ForgeRegistry/REGISTRIES]: Registry minecraft:chunk_status Sync: ACTIVE -> STAGING
[01Oct2026 17:29:31.966] [Render thread/DEBUG] [net.minecraftforge.registries.ForgeRegistry/REGISTRIES]: Registry minecraft:worldgen/block_state_provider_type Sync: ACTIVE -> STAGING
[01Oct2026 17:29:31.966] [Render thread/DEBUG] [net.minecraftforge.registries.ForgeRegistry/REGISTRIES]: Registry minecraft:worldgen/foliage_placer_type Sync: ACTIVE -> STAGING
[01Oct2026 17:29:31.966] [Render thread/DEBUG] [net.minecraftforge.registries.ForgeRegistry/REGISTRIES]: Registry minecraft:worldgen/tree_decorator_type Sync: ACTIVE -> STAGING
[01Oct2026 17:29:31.966] [Render thread/DEBUG] [net.minecraftforge.registries.ForgeRegistry/REGISTRIES]: Registry minecraft:worldgen/biome Sync: ACTIVE -> STAGING
[01Oct2026 17:29:31.966] [Render thread/DEBUG] [net.minecraftforge.registries.ForgeRegistry/REGISTRIES]: Registry forge:entity_data_serializers Sync: ACTIVE -> STAGING
[01Oct2026 17:29:31.966] [Render thread/DEBUG] [net.minecraftforge.registries.ForgeRegistry/REGISTRIES]: Registry forge:global_loot_modifier_serializers Sync: ACTIVE -> STAGING
[01Oct2026 17:29:31.966] [Render thread/DEBUG] [net.minecraftforge.registries.ForgeRegistry/REGISTRIES]: Registry forge:biome_modifier_serializers Sync: ACTIVE -> STAGING
[01Oct2026 17:29:31.966] [Render thread/DEBUG] [net.minecraftforge.registries.ForgeRegistry/REGISTRIES]: Registry forge:fluid_type Sync: ACTIVE -> STAGING
[01Oct2026 17:29:31.966] [Render thread/DEBUG] [net.minecraftforge.registries.ForgeRegistry/REGISTRIES]: Registry forge:structure_modifier_serializers Sync: ACTIVE -> STAGING
[01Oct2026 17:29:31.966] [Render thread/DEBUG] [net.minecraftforge.registries.ForgeRegistry/REGISTRIES]: Registry forge:holder_set_type Sync: ACTIVE -> STAGING
[01Oct2026 17:29:31.966] [Render thread/DEBUG] [net.minecraftforge.registries.ForgeRegistry/REGISTRIES]: Registry forge:display_contexts Sync: ACTIVE -> STAGING
[01Oct2026 17:29:32.304] [Render thread/DEBUG] [net.minecraftforge.registries.ObjectHolderRegistry/REGISTRIES]: Applying holder lookups
[01Oct2026 17:29:32.307] [Render thread/DEBUG] [net.minecraftforge.registries.ObjectHolderRegistry/REGISTRIES]: Holder lookups applied
[01Oct2026 17:29:32.328] [Render thread/DEBUG] [net.minecraftforge.server.ServerLifecycleHooks/CORE]: Generating PackInfo named mod:fusion for mod file C:\Users\Ethan\.gradle\caches\forge_gradle\deobf_dependencies\maven\modrinth\fusion-connected-textures\1.3.15b-forge-mc1.20.1_mapped_official_1.20.1\fusion-connected-textures-1.3.15b-forge-mc1.20.1_mapped_official_1.20.1.jar
[01Oct2026 17:29:32.330] [Render thread/DEBUG] [net.minecraftforge.server.ServerLifecycleHooks/CORE]: Generating PackInfo named mod:powah for mod file C:\Users\Ethan\.gradle\caches\forge_gradle\deobf_dependencies\maven\modrinth\powah\5.0.11-forge_mapped_official_1.20.1\powah-5.0.11-forge_mapped_official_1.20.1.jar
[01Oct2026 17:29:32.330] [Render thread/DEBUG] [net.minecraftforge.server.ServerLifecycleHooks/CORE]: Generating PackInfo named mod:colorful_lighting for mod file C:\Users\Ethan\.gradle\caches\forge_gradle\deobf_dependencies\maven\modrinth\colorful-lighting-sodium\2.7.0_mapped_official_1.20.1\colorful-lighting-sodium-2.7.0_mapped_official_1.20.1.jar
[01Oct2026 17:29:32.330] [Render thread/DEBUG] [net.minecraftforge.server.ServerLifecycleHooks/CORE]: Generating PackInfo named mod:cloth_config for mod file C:\Users\Ethan\.gradle\caches\forge_gradle\deobf_dependencies\maven\modrinth\cloth-config\11.1.136+forge_mapped_official_1.20.1\cloth-config-11.1.136+forge_mapped_official_1.20.1.jar
[01Oct2026 17:29:32.330] [Render thread/DEBUG] [net.minecraftforge.server.ServerLifecycleHooks/CORE]: Generating PackInfo named mod:forge for mod file /
[01Oct2026 17:29:32.331] [Render thread/DEBUG] [net.minecraftforge.server.ServerLifecycleHooks/CORE]: Generating PackInfo named mod:rgbdeco for mod file C:\Users\Ethan\OneDrive\Documents\GitHub\rgbdeco\build\resources\main
[01Oct2026 17:29:32.331] [Render thread/DEBUG] [net.minecraftforge.server.ServerLifecycleHooks/CORE]: Generating PackInfo named mod:architectury for mod file C:\Users\Ethan\.gradle\caches\forge_gradle\deobf_dependencies\maven\modrinth\architectury-api\9.2.14+forge_mapped_official_1.20.1\architectury-api-9.2.14+forge_mapped_official_1.20.1.jar
[01Oct2026 17:29:32.812] [Render thread/DEBUG] [mixin/]: Mixing MixinLootDataManager from architectury.mixins.json into net.minecraft.world.level.storage.loot.LootDataManager
[01Oct2026 17:29:32.835] [Render thread/DEBUG] [mixin/]: Mixing client.MixinCommandSourceStack from architectury.mixins.json into net.minecraft.commands.CommandSourceStack
[01Oct2026 17:29:32.923] [Render thread/DEBUG] [net.minecraftforge.coremod.transformer.CoreModBaseTransformer/COREMOD]: Transforming net/minecraft/server/commands/SummonCommand
[01Oct2026 17:29:33.181] [Worker-Main-11/DEBUG] [net.minecraftforge.coremod.transformer.CoreModBaseTransformer/COREMOD]: Transforming net/minecraft/world/entity/raid/Raid
[01Oct2026 17:29:33.402] [Render thread/INFO] [net.minecraft.world.item.crafting.RecipeManager/]: Loaded 8 recipes
[01Oct2026 17:29:33.488] [Render thread/INFO] [net.minecraft.advancements.AdvancementList/]: Loaded 1277 advancements
[01Oct2026 17:29:33.818] [Render thread/DEBUG] [net.minecraftforge.common.ForgeHooks/WP]: Gathering id map for writing to world save New World
[01Oct2026 17:29:33.834] [Render thread/DEBUG] [net.minecraftforge.common.ForgeHooks/WP]: ID Map collection complete New World
[01Oct2026 17:29:33.883] [Server thread/INFO] [net.minecraft.client.server.IntegratedServer/]: Starting integrated minecraft server version 1.20.1
[01Oct2026 17:29:33.883] [Server thread/INFO] [net.minecraft.server.MinecraftServer/]: Generating keypair
[01Oct2026 17:29:33.943] [Server thread/DEBUG] [net.minecraftforge.fml.config.ConfigTracker/CONFIG]: Loading configs type SERVER
[01Oct2026 17:29:33.943] [Server thread/DEBUG] [net.minecraftforge.fml.config.ConfigFileTypeHandler/CONFIG]: Built TOML config for .\saves\New World\serverconfig\forge-server.toml
[01Oct2026 17:29:33.943] [Server thread/DEBUG] [net.minecraftforge.fml.config.ConfigFileTypeHandler/CONFIG]: Loaded TOML config file .\saves\New World\serverconfig\forge-server.toml
[01Oct2026 17:29:33.945] [Server thread/DEBUG] [net.minecraftforge.fml.config.ConfigFileTypeHandler/CONFIG]: Watching TOML config file .\saves\New World\serverconfig\forge-server.toml for changes
[01Oct2026 17:29:33.945] [Server thread/DEBUG] [net.minecraftforge.common.ForgeConfig/FORGEMOD]: Loaded forge config file forge-server.toml
[01Oct2026 17:29:33.978] [Server thread/DEBUG] [net.minecraftforge.coremod.transformer.CoreModBaseTransformer/COREMOD]: Transforming net/minecraft/world/level/levelgen/PhantomSpawner
[01Oct2026 17:29:33.982] [Server thread/DEBUG] [net.minecraftforge.coremod.transformer.CoreModBaseTransformer/COREMOD]: Transforming net/minecraft/world/level/levelgen/PatrolSpawner
[01Oct2026 17:29:33.986] [Server thread/DEBUG] [net.minecraftforge.coremod.transformer.CoreModBaseTransformer/COREMOD]: Transforming net/minecraft/world/entity/npc/CatSpawner
[01Oct2026 17:29:33.989] [Server thread/DEBUG] [net.minecraftforge.coremod.transformer.CoreModBaseTransformer/COREMOD]: Transforming net/minecraft/world/entity/ai/village/VillageSiege
[01Oct2026 17:29:34.125] [Server thread/DEBUG] [mixin/]: Mixing LightEngineMixin from colorful_lighting.mixins.json into net.minecraft.world.level.lighting.LightEngine
[01Oct2026 17:29:34.138] [Server thread/DEBUG] [mixin/]: Mixing BlockLightEngineMixin from colorful_lighting.mixins.json into net.minecraft.world.level.lighting.BlockLightEngine
[01Oct2026 17:29:34.764] [Server thread/INFO] [net.minecraft.server.MinecraftServer/]: Preparing start region for dimension minecraft:overworld
[01Oct2026 17:29:35.315] [Server thread/DEBUG] [mixin/]: Mixing MixinChunkSerializer from architectury.mixins.json into net.minecraft.world.level.chunk.storage.ChunkSerializer
[01Oct2026 17:29:35.550] [Server thread/DEBUG] [net.minecraftforge.coremod.transformer.CoreModBaseTransformer/COREMOD]: Transforming net/minecraft/world/level/levelgen/structure/templatesystem/StructureTemplate
[01Oct2026 17:29:36.686] [Render thread/INFO] [net.minecraft.server.level.progress.LoggerChunkProgressListener/]: Preparing spawn area: 0%
[01Oct2026 17:29:36.686] [Render thread/INFO] [net.minecraft.server.level.progress.LoggerChunkProgressListener/]: Preparing spawn area: 0%
[01Oct2026 17:29:36.686] [Render thread/INFO] [net.minecraft.server.level.progress.LoggerChunkProgressListener/]: Preparing spawn area: 0%
[01Oct2026 17:29:36.686] [Render thread/INFO] [net.minecraft.server.level.progress.LoggerChunkProgressListener/]: Preparing spawn area: 0%
[01Oct2026 17:29:36.782] [Render thread/INFO] [net.minecraft.server.level.progress.LoggerChunkProgressListener/]: Preparing spawn area: 0%
[01Oct2026 17:29:37.275] [Render thread/INFO] [net.minecraft.server.level.progress.LoggerChunkProgressListener/]: Preparing spawn area: 73%
[01Oct2026 17:29:37.360] [Server thread/INFO] [net.minecraftforge.server.permission.PermissionAPI/]: Successfully initialized permission handler forge:default_handler
[01Oct2026 17:29:37.366] [Render thread/INFO] [net.minecraft.server.level.progress.LoggerChunkProgressListener/]: Time elapsed: 2600 ms
[01Oct2026 17:29:37.406] [Server thread/DEBUG] [io.netty.buffer.AbstractByteBuf/]: -Dio.netty.buffer.checkAccessible: true
[01Oct2026 17:29:37.406] [Server thread/DEBUG] [io.netty.buffer.AbstractByteBuf/]: -Dio.netty.buffer.checkBounds: true
[01Oct2026 17:29:37.406] [Server thread/DEBUG] [io.netty.util.ResourceLeakDetectorFactory/]: Loaded default ResourceLeakDetector: io.netty.util.ResourceLeakDetector@47670ea6
[01Oct2026 17:29:37.424] [Server thread/DEBUG] [net.minecraftforge.coremod.transformer.CoreModBaseTransformer/COREMOD]: Transforming net/minecraft/world/level/NaturalSpawner
[01Oct2026 17:29:37.466] [Server thread/INFO] [net.minecraft.client.server.IntegratedServer/]: Changing view distance to 12, from 10
[01Oct2026 17:29:37.467] [Server thread/INFO] [net.minecraft.client.server.IntegratedServer/]: Changing simulation distance to 12, from 0
[01Oct2026 17:29:37.485] [Render thread/DEBUG] [io.netty.channel.MultithreadEventLoopGroup/]: -Dio.netty.eventLoopThreads: 32
[01Oct2026 17:29:37.506] [Render thread/DEBUG] [io.netty.util.internal.InternalThreadLocalMap/]: -Dio.netty.threadLocalMap.stringBuilder.initialSize: 1024
[01Oct2026 17:29:37.507] [Render thread/DEBUG] [io.netty.util.internal.InternalThreadLocalMap/]: -Dio.netty.threadLocalMap.stringBuilder.maxSize: 4096
[01Oct2026 17:29:37.513] [Render thread/DEBUG] [io.netty.channel.nio.NioEventLoop/]: -Dio.netty.noKeySetOptimization: false
[01Oct2026 17:29:37.513] [Render thread/DEBUG] [io.netty.channel.nio.NioEventLoop/]: -Dio.netty.selectorAutoRebuildThreshold: 512
[01Oct2026 17:29:37.518] [Render thread/DEBUG] [io.netty.util.internal.PlatformDependent/]: org.jctools-core.MpscChunkedArrayQueue: available
[01Oct2026 17:29:37.600] [Render thread/DEBUG] [io.netty.channel.DefaultChannelId/]: -Dio.netty.processId: 14680 (auto-detected)
[01Oct2026 17:29:37.605] [Render thread/WARN] [io.netty.util.internal.SystemPropertyUtil/]: Unable to parse the boolean system property 'java.net.preferIPv6Addresses':system - using the default value: false
[01Oct2026 17:29:37.605] [Render thread/DEBUG] [io.netty.util.NetUtil/]: -Djava.net.preferIPv4Stack: false
[01Oct2026 17:29:37.607] [Render thread/DEBUG] [io.netty.util.NetUtil/]: -Djava.net.preferIPv6Addresses: false
[01Oct2026 17:29:37.628] [Render thread/DEBUG] [io.netty.util.NetUtilInitializations/]: Loopback interface: lo (Software Loopback Interface 1, 127.0.0.1)
[01Oct2026 17:29:37.633] [Render thread/DEBUG] [io.netty.util.NetUtil/]: Failed to get SOMAXCONN from sysctl and file \proc\sys\net\core\somaxconn. Default: 200
[01Oct2026 17:29:37.697] [Render thread/DEBUG] [io.netty.channel.DefaultChannelId/]: -Dio.netty.machineId: 14:5a:fc:ff:fe:7a:39:dd (auto-detected)
[01Oct2026 17:29:37.794] [Render thread/DEBUG] [io.netty.buffer.PooledByteBufAllocator/]: -Dio.netty.allocator.numHeapArenas: 32
[01Oct2026 17:29:37.794] [Render thread/DEBUG] [io.netty.buffer.PooledByteBufAllocator/]: -Dio.netty.allocator.numDirectArenas: 32
[01Oct2026 17:29:37.794] [Render thread/DEBUG] [io.netty.buffer.PooledByteBufAllocator/]: -Dio.netty.allocator.pageSize: 8192
[01Oct2026 17:29:37.794] [Render thread/DEBUG] [io.netty.buffer.PooledByteBufAllocator/]: -Dio.netty.allocator.maxOrder: 9
[01Oct2026 17:29:37.794] [Render thread/DEBUG] [io.netty.buffer.PooledByteBufAllocator/]: -Dio.netty.allocator.chunkSize: 4194304
[01Oct2026 17:29:37.794] [Render thread/DEBUG] [io.netty.buffer.PooledByteBufAllocator/]: -Dio.netty.allocator.smallCacheSize: 256
[01Oct2026 17:29:37.794] [Render thread/DEBUG] [io.netty.buffer.PooledByteBufAllocator/]: -Dio.netty.allocator.normalCacheSize: 64
[01Oct2026 17:29:37.794] [Render thread/DEBUG] [io.netty.buffer.PooledByteBufAllocator/]: -Dio.netty.allocator.maxCachedBufferCapacity: 32768
[01Oct2026 17:29:37.794] [Render thread/DEBUG] [io.netty.buffer.PooledByteBufAllocator/]: -Dio.netty.allocator.cacheTrimInterval: 8192
[01Oct2026 17:29:37.794] [Render thread/DEBUG] [io.netty.buffer.PooledByteBufAllocator/]: -Dio.netty.allocator.cacheTrimIntervalMillis: 0
[01Oct2026 17:29:37.794] [Render thread/DEBUG] [io.netty.buffer.PooledByteBufAllocator/]: -Dio.netty.allocator.useCacheForAllThreads: false
[01Oct2026 17:29:37.794] [Render thread/DEBUG] [io.netty.buffer.PooledByteBufAllocator/]: -Dio.netty.allocator.maxCachedByteBuffersPerChunk: 1023
[01Oct2026 17:29:37.862] [Render thread/DEBUG] [io.netty.buffer.ByteBufUtil/]: -Dio.netty.allocator.type: pooled
[01Oct2026 17:29:37.862] [Render thread/DEBUG] [io.netty.buffer.ByteBufUtil/]: -Dio.netty.threadLocalDirectBufferSize: 0
[01Oct2026 17:29:37.862] [Render thread/DEBUG] [io.netty.buffer.ByteBufUtil/]: -Dio.netty.maxThreadLocalCharBufferSize: 16384
[01Oct2026 17:29:37.940] [Netty Local Client IO #0/DEBUG] [net.minecraftforge.network.HandshakeHandler/FMLHANDSHAKE]: Starting local connection.
[01Oct2026 17:29:38.182] [Netty Local Client IO #0/DEBUG] [io.netty.util.Recycler/]: -Dio.netty.recycler.maxCapacityPerThread: 4096
[01Oct2026 17:29:38.182] [Netty Local Client IO #0/DEBUG] [io.netty.util.Recycler/]: -Dio.netty.recycler.ratio: 8
[01Oct2026 17:29:38.182] [Netty Local Client IO #0/DEBUG] [io.netty.util.Recycler/]: -Dio.netty.recycler.chunkSize: 32
[01Oct2026 17:29:38.182] [Netty Local Client IO #0/DEBUG] [io.netty.util.Recycler/]: -Dio.netty.recycler.blocking: false
[01Oct2026 17:29:38.212] [Netty Server IO #1/DEBUG] [net.minecraftforge.network.HandshakeHandler/FMLHANDSHAKE]: Starting local connection.
[01Oct2026 17:29:38.230] [Server thread/DEBUG] [net.minecraftforge.network.HandshakeHandler/FMLHANDSHAKE]: Sending ticking packet info 'net.minecraftforge.network.HandshakeMessages$S2CModData' to 'fml:handshake' sequence 0
[01Oct2026 17:29:38.243] [Netty Local Client IO #0/DEBUG] [net.minecraftforge.network.LoginWrapper/FMLHANDSHAKE]: Recieved login wrapper packet event for channel fml:handshake with index 0
[01Oct2026 17:29:38.275] [Server thread/DEBUG] [net.minecraftforge.network.HandshakeHandler/FMLHANDSHAKE]: Sending ticking packet info 'net.minecraftforge.network.HandshakeMessages$S2CModList' to 'fml:handshake' sequence 1
[01Oct2026 17:29:38.276] [Netty Local Client IO #0/DEBUG] [net.minecraftforge.network.LoginWrapper/FMLHANDSHAKE]: Recieved login wrapper packet event for channel fml:handshake with index 1
[01Oct2026 17:29:38.277] [Netty Local Client IO #0/DEBUG] [net.minecraftforge.network.HandshakeHandler/FMLHANDSHAKE]: Logging into server with mod list [fusion, minecraft, powah, colorful_lighting, cloth_config, forge, rgbdeco, architectury]
[01Oct2026 17:29:38.279] [Netty Local Client IO #0/DEBUG] [net.minecraftforge.network.NetworkRegistry/NETREGISTRY]: Channel 'fml:loginwrapper' : Version test of 'FML3' from server : ACCEPTED
[01Oct2026 17:29:38.280] [Netty Local Client IO #0/DEBUG] [net.minecraftforge.network.NetworkRegistry/NETREGISTRY]: Channel 'forge:tier_sorting' : Version test of '1.0' from server : ACCEPTED
[01Oct2026 17:29:38.280] [Netty Local Client IO #0/DEBUG] [net.minecraftforge.network.NetworkRegistry/NETREGISTRY]: Channel 'fml:handshake' : Version test of 'FML3' from server : ACCEPTED
[01Oct2026 17:29:38.280] [Netty Local Client IO #0/DEBUG] [net.minecraftforge.network.NetworkRegistry/NETREGISTRY]: Channel 'architectury:network' : Version test of '1' from server : ACCEPTED
[01Oct2026 17:29:38.280] [Netty Local Client IO #0/DEBUG] [net.minecraftforge.network.NetworkRegistry/NETREGISTRY]: Channel 'rgbdeco:main' : Version test of '1' from server : ACCEPTED
[01Oct2026 17:29:38.280] [Netty Local Client IO #0/DEBUG] [net.minecraftforge.network.NetworkRegistry/NETREGISTRY]: Channel 'minecraft:unregister' : Version test of 'FML3' from server : ACCEPTED
[01Oct2026 17:29:38.280] [Netty Local Client IO #0/DEBUG] [net.minecraftforge.network.NetworkRegistry/NETREGISTRY]: Channel 'fml:play' : Version test of 'FML3' from server : ACCEPTED
[01Oct2026 17:29:38.280] [Netty Local Client IO #0/DEBUG] [net.minecraftforge.network.NetworkRegistry/NETREGISTRY]: Channel 'minecraft:register' : Version test of 'FML3' from server : ACCEPTED
[01Oct2026 17:29:38.280] [Netty Local Client IO #0/DEBUG] [net.minecraftforge.network.NetworkRegistry/NETREGISTRY]: Channel 'forge:split' : Version test of '1.1' from server : ACCEPTED
[01Oct2026 17:29:38.280] [Netty Local Client IO #0/DEBUG] [net.minecraftforge.network.NetworkRegistry/NETREGISTRY]: Accepting channel list from server
[01Oct2026 17:29:38.283] [Netty Local Client IO #0/DEBUG] [net.minecraftforge.network.LoginWrapper/FMLHANDSHAKE]: Dispatching wrapped packet reply for channel fml:handshake with index 1
[01Oct2026 17:29:38.283] [Netty Local Client IO #0/DEBUG] [net.minecraftforge.network.HandshakeHandler/FMLHANDSHAKE]: Accepted server connection
[01Oct2026 17:29:38.283] [Netty Server IO #1/DEBUG] [net.minecraftforge.network.LoginWrapper/FMLHANDSHAKE]: Recieved login wrapper packet event for channel fml:handshake with index 1
[01Oct2026 17:29:38.283] [Netty Server IO #1/DEBUG] [net.minecraftforge.network.HandshakeHandler/FMLHANDSHAKE]: Received client indexed reply 1 of type net.minecraftforge.network.HandshakeMessages$C2SModListReply
[01Oct2026 17:29:38.285] [Netty Server IO #1/DEBUG] [net.minecraftforge.network.HandshakeHandler/FMLHANDSHAKE]: Received client connection with modlist [fusion, minecraft, powah, colorful_lighting, cloth_config, forge, rgbdeco, architectury]
[01Oct2026 17:29:38.285] [Netty Local Client IO #0/DEBUG] [net.minecraftforge.network.HandshakeHandler/REGISTRIES]: Expecting 19 registries: [minecraft:command_argument_type, minecraft:recipe_serializer, minecraft:sound_event, minecraft:particle_type, minecraft:villager_profession, minecraft:item, minecraft:potion, minecraft:painting_variant, forge:fluid_type, minecraft:block_entity_type, forge:display_contexts, minecraft:block, forge:entity_data_serializers, minecraft:mob_effect, minecraft:stat_type, minecraft:menu, minecraft:enchantment, minecraft:fluid, minecraft:entity_type]
[01Oct2026 17:29:38.285] [Netty Server IO #1/DEBUG] [net.minecraftforge.network.NetworkRegistry/NETREGISTRY]: Channel 'fml:loginwrapper' : Version test of 'FML3' from client : ACCEPTED
[01Oct2026 17:29:38.285] [Netty Server IO #1/DEBUG] [net.minecraftforge.network.NetworkRegistry/NETREGISTRY]: Channel 'forge:tier_sorting' : Version test of '1.0' from client : ACCEPTED
[01Oct2026 17:29:38.285] [Netty Server IO #1/DEBUG] [net.minecraftforge.network.NetworkRegistry/NETREGISTRY]: Channel 'fml:handshake' : Version test of 'FML3' from client : ACCEPTED
[01Oct2026 17:29:38.285] [Netty Server IO #1/DEBUG] [net.minecraftforge.network.NetworkRegistry/NETREGISTRY]: Channel 'architectury:network' : Version test of '1' from client : ACCEPTED
[01Oct2026 17:29:38.286] [Netty Server IO #1/DEBUG] [net.minecraftforge.network.NetworkRegistry/NETREGISTRY]: Channel 'rgbdeco:main' : Version test of '1' from client : ACCEPTED
[01Oct2026 17:29:38.286] [Netty Server IO #1/DEBUG] [net.minecraftforge.network.NetworkRegistry/NETREGISTRY]: Channel 'minecraft:unregister' : Version test of 'FML3' from client : ACCEPTED
[01Oct2026 17:29:38.286] [Netty Server IO #1/DEBUG] [net.minecraftforge.network.NetworkRegistry/NETREGISTRY]: Channel 'fml:play' : Version test of 'FML3' from client : ACCEPTED
[01Oct2026 17:29:38.286] [Netty Server IO #1/DEBUG] [net.minecraftforge.network.NetworkRegistry/NETREGISTRY]: Channel 'minecraft:register' : Version test of 'FML3' from client : ACCEPTED
[01Oct2026 17:29:38.286] [Netty Server IO #1/DEBUG] [net.minecraftforge.network.NetworkRegistry/NETREGISTRY]: Channel 'forge:split' : Version test of '1.1' from client : ACCEPTED
[01Oct2026 17:29:38.286] [Netty Server IO #1/DEBUG] [net.minecraftforge.network.NetworkRegistry/NETREGISTRY]: Accepting channel list from client
[01Oct2026 17:29:38.286] [Netty Server IO #1/DEBUG] [net.minecraftforge.network.HandshakeHandler/FMLHANDSHAKE]: Accepted client connection mod list
[01Oct2026 17:29:38.344] [Server thread/DEBUG] [net.minecraftforge.network.HandshakeHandler/FMLHANDSHAKE]: Sending ticking packet info 'Config forge-server.toml' to 'fml:handshake' sequence 2
[01Oct2026 17:29:38.346] [Netty Local Client IO #0/DEBUG] [net.minecraftforge.network.LoginWrapper/FMLHANDSHAKE]: Recieved login wrapper packet event for channel fml:handshake with index 2
[01Oct2026 17:29:38.346] [Netty Local Client IO #0/DEBUG] [net.minecraftforge.network.HandshakeHandler/FMLHANDSHAKE]: Received config sync from server
[01Oct2026 17:29:38.346] [Netty Local Client IO #0/DEBUG] [net.minecraftforge.network.LoginWrapper/FMLHANDSHAKE]: Dispatching wrapped packet reply for channel fml:handshake with index 2
[01Oct2026 17:29:38.346] [Netty Server IO #1/DEBUG] [net.minecraftforge.network.LoginWrapper/FMLHANDSHAKE]: Recieved login wrapper packet event for channel fml:handshake with index 2
[01Oct2026 17:29:38.346] [Netty Server IO #1/DEBUG] [net.minecraftforge.network.HandshakeHandler/FMLHANDSHAKE]: Received client indexed reply 2 of type net.minecraftforge.network.HandshakeMessages$C2SAcknowledge
[01Oct2026 17:29:38.346] [Netty Server IO #1/DEBUG] [net.minecraftforge.network.HandshakeHandler/FMLHANDSHAKE]: Received acknowledgement from client
[01Oct2026 17:29:38.380] [Server thread/DEBUG] [net.minecraftforge.network.HandshakeHandler/FMLHANDSHAKE]: Handshake complete!
[01Oct2026 17:29:38.424] [Netty Local Client IO #0/INFO] [net.minecraftforge.network.NetworkHooks/]: Connected to a modded server.
[01Oct2026 17:29:38.427] [Netty Local Client IO #0/DEBUG] [mixin/]: Mixing ClientPacketListenerMixin from colorful_lighting.mixins.json into net.minecraft.client.multiplayer.ClientPacketListener
[01Oct2026 17:29:38.514] [Server thread/INFO] [net.minecraft.server.players.PlayerList/]: Dev[local:E:874cdb6f] logged in with entity id 182 at (-42.65709165696375, 64.0, 6.687454172017682)
[01Oct2026 17:29:38.564] [Render thread/INFO] [me.erykczy.colorfullighting.ColorfulLighting/]: Colored light engine reset (lightUpdateSpeed=FASTEST)
[01Oct2026 17:29:38.593] [Server thread/INFO] [net.minecraft.server.MinecraftServer/]: Dev joined the game
[01Oct2026 17:29:39.287] [Render thread/INFO] [powah/Wiki]: Started wikis recipes collecting...
[01Oct2026 17:29:39.324] [Render thread/INFO] [powah/Wiki]: Wiki recipes collecting completed in : 36 ms
[01Oct2026 17:29:39.556] [Render thread/INFO] [net.minecraft.advancements.AdvancementList/]: Loaded 36 advancements
[01Oct2026 17:29:39.970] [Render thread/DEBUG] [mixin/]: Mixing TerrainParticleMixin from fusion.mixins.json into net.minecraft.client.particle.TerrainParticle
[01Oct2026 17:29:40.128] [Render thread/DEBUG] [mixin/]: Mixing RenderChunkRegionMixin from fusion.mixins.json into net.minecraft.client.renderer.chunk.RenderChunkRegion
[01Oct2026 17:29:40.130] [Render thread/DEBUG] [mixin/]: Mixing render.RenderChunkRegionMixin from colorful_lighting.mixins.json into net.minecraft.client.renderer.chunk.RenderChunkRegion
[01Oct2026 17:29:40.156] [Worker-Main-12/DEBUG] [mixin/]: Mixing render.AmbientOcclusionFaceMixin from colorful_lighting.mixins.json into net.minecraft.client.renderer.block.ModelBlockRenderer$AmbientOcclusionFace
[01Oct2026 17:29:46.362] [Server thread/INFO] [net.minecraft.client.server.IntegratedServer/]: Saving and pausing game...
[01Oct2026 17:29:46.380] [Server thread/INFO] [net.minecraft.server.MinecraftServer/]: Saving chunks for level 'ServerLevel[New World]'/minecraft:overworld
[01Oct2026 17:29:46.403] [Server thread/INFO] [net.minecraft.server.MinecraftServer/]: Saving chunks for level 'ServerLevel[New World]'/minecraft:the_nether
[01Oct2026 17:29:46.405] [Server thread/INFO] [net.minecraft.server.MinecraftServer/]: Saving chunks for level 'ServerLevel[New World]'/minecraft:the_end
[01Oct2026 17:29:46.410] [Server thread/DEBUG] [net.minecraftforge.common.ForgeHooks/WP]: Gathering id map for writing to world save New World
[01Oct2026 17:29:46.427] [Server thread/DEBUG] [net.minecraftforge.common.ForgeHooks/WP]: ID Map collection complete New World
[01Oct2026 17:29:47.851] [CL-LightPropagator/INFO] [me.erykczy.colorfullighting.ColorfulLighting/]: Colored light drain: 469 chunks in 8111 ms (57.8 chunks/s), 0 still queued [finished], lightUpdateSpeed=FASTEST
